customer_id,order_date,amount,product,quantity
CUST-10001,2024-12-06,3297.51,Servo drive kit,4
CUST-10001,2025-02-10,2307.87,Conveyor bearing 6205,3
CUST-10001,2025-04-26,4193.61,Analytics seat,4
CUST-10001,2025-06-18,2010.86,Fiber 300 plan,2
CUST-10001,2025-12-22,1011.82,Aura bottle 1L,1
CUST-10001,2026-02-06,3019.25,Cold-chain logger,4
CUST-10001,2026-03-17,2182.1,Trade desk seat,3
CUST-10001,2026-03-19,4318.23,Refill pack,4
CUST-10001,2026-05-03,2583.76,Servo drive kit,2
CUST-10001,2026-05-24,1297.0,Conveyor bearing 6205,2
CUST-10002,2026-03-01,3215.18,Conveyor bearing 6205,4
CUST-10002,2026-03-12,549.94,Analytics seat,1
CUST-10002,2026-04-21,622.97,Fiber 300 plan,1
CUST-10002,2026-04-29,1022.81,Aura bottle 1L,1
CUST-10002,2026-05-15,4377.64,Cold-chain logger,4
CUST-10002,2026-06-07,1480.17,Trade desk seat,2
CUST-10002,2026-06-15,3209.5,Refill pack,3
CUST-10002,2026-07-21,3085.05,Servo drive kit,4
CUST-10003,2025-01-22,478.45,Analytics seat,1
CUST-10003,2025-02-02,2039.2,Fiber 300 plan,2
CUST-10003,2025-05-24,2845.41,Aura bottle 1L,4
CUST-10003,2025-09-11,1583.85,Cold-chain logger,3
CUST-10003,2025-09-13,727.63,Trade desk seat,1
CUST-10003,2026-01-05,3800.36,Refill pack,4
CUST-10003,2026-03-14,3068.33,Servo drive kit,2
CUST-10003,2026-04-16,2416.22,Conveyor bearing 6205,3
CUST-10003,2026-06-27,2797.49,Analytics seat,3
CUST-10004,2026-05-14,1176.0,Fiber 300 plan,1
CUST-10004,2026-05-21,766.06,Aura bottle 1L,1
CUST-10004,2026-06-05,2254.3,Cold-chain logger,4
CUST-10004,2026-06-18,1366.11,Trade desk seat,2
CUST-10004,2026-06-21,794.69,Refill pack,1
CUST-10004,2026-08-05,2542.72,Servo drive kit,3
CUST-10004,2026-08-21,3426.7,Conveyor bearing 6205,3
CUST-10005,2026-01-18,1333.22,Aura bottle 1L,1
CUST-10005,2026-02-20,1014.78,Cold-chain logger,2
CUST-10005,2026-03-30,965.0,Trade desk seat,2
CUST-10005,2026-04-08,1423.85,Refill pack,1
CUST-10005,2026-04-16,731.44,Servo drive kit,1
CUST-10005,2026-06-12,3896.98,Conveyor bearing 6205,3
CUST-10005,2026-07-07,528.68,Analytics seat,1
CUST-10005,2026-08-02,1951.11,Fiber 300 plan,2
CUST-10006,2025-10-27,4193.77,Cold-chain logger,4
CUST-10006,2025-11-10,4093.2,Trade desk seat,4
CUST-10006,2025-11-13,4818.93,Refill pack,4
CUST-10006,2026-01-08,757.18,Servo drive kit,1
CUST-10006,2026-01-12,3426.94,Conveyor bearing 6205,3
CUST-10006,2026-02-09,8013.37,Analytics seat,3
CUST-10006,2026-02-21,4269.2,Fiber 300 plan,2
CUST-10006,2026-03-11,1000.8,Aura bottle 1L,1
CUST-10006,2026-03-18,2652.42,Cold-chain logger,4
CUST-10006,2026-04-06,3707.87,Trade desk seat,3
CUST-10006,2026-05-08,6751.24,Refill pack,4
CUST-10006,2026-08-04,1760.47,Servo drive kit,2
CUST-10006,2026-08-19,2087.83,Conveyor bearing 6205,4
CUST-10007,2024-07-23,1787.52,Trade desk seat,4
CUST-10007,2024-10-05,3314.46,Refill pack,4
CUST-10008,2026-03-29,2318.45,Refill pack,4
CUST-10008,2026-04-02,1025.8,Servo drive kit,2
CUST-10008,2026-06-04,829.97,Conveyor bearing 6205,1
CUST-10008,2026-06-18,3582.34,Analytics seat,4
CUST-10009,2025-07-24,3548.14,Servo drive kit,2
CUST-10009,2025-08-19,4326.28,Conveyor bearing 6205,2
CUST-10009,2025-09-18,4110.08,Analytics seat,3
CUST-10009,2025-10-22,1059.06,Fiber 300 plan,1
CUST-10009,2026-03-20,4810.34,Aura bottle 1L,4
CUST-10009,2026-03-27,1661.2,Cold-chain logger,1
CUST-10009,2026-05-18,1555.7,Trade desk seat,2
CUST-10009,2026-06-17,3297.18,Refill pack,3
CUST-10009,2026-07-18,5310.74,Servo drive kit,3
CUST-10009,2026-08-02,6666.01,Conveyor bearing 6205,3
CUST-10010,2026-04-06,3989.84,Conveyor bearing 6205,4
CUST-10010,2026-05-28,2441.86,Analytics seat,3
CUST-10010,2026-06-08,1628.77,Fiber 300 plan,2
CUST-10010,2026-07-05,1663.76,Aura bottle 1L,3
CUST-10010,2026-07-15,1424.97,Cold-chain logger,2
CUST-10010,2026-07-16,1715.96,Trade desk seat,2
CUST-10010,2026-08-15,1064.58,Refill pack,1
CUST-10011,2026-07-01,1812.33,Analytics seat,2
CUST-10011,2026-07-25,1866.76,Fiber 300 plan,2
CUST-10011,2026-08-24,1421.53,Aura bottle 1L,3
CUST-10012,2024-11-15,3283.04,Fiber 300 plan,4
CUST-10012,2024-12-04,2962.29,Aura bottle 1L,4
CUST-10012,2024-12-12,2674.66,Cold-chain logger,3
CUST-10012,2025-02-05,1845.56,Trade desk seat,1
CUST-10012,2025-08-05,1868.93,Refill pack,3
CUST-10012,2025-09-09,2106.31,Servo drive kit,3
CUST-10012,2025-10-04,1193.22,Conveyor bearing 6205,1
CUST-10012,2025-10-10,532.43,Analytics seat,1
CUST-10012,2025-12-07,5594.11,Fiber 300 plan,4
CUST-10012,2026-01-24,1676.65,Aura bottle 1L,2
CUST-10012,2026-02-27,694.96,Cold-chain logger,1
CUST-10013,2024-12-28,2392.28,Aura bottle 1L,2
CUST-10013,2025-04-05,917.32,Cold-chain logger,1
CUST-10013,2025-04-11,2113.06,Trade desk seat,3
CUST-10013,2025-06-01,2599.92,Refill pack,3
CUST-10014,2025-04-15,1068.13,Cold-chain logger,2
CUST-10014,2025-07-21,2020.34,Trade desk seat,4
CUST-10014,2025-10-22,600.79,Refill pack,1
CUST-10014,2025-12-08,2773.79,Servo drive kit,2
CUST-10014,2026-03-18,1576.3,Conveyor bearing 6205,2
CUST-10015,2026-01-07,765.29,Trade desk seat,1
CUST-10015,2026-01-17,1246.34,Refill pack,1
CUST-10015,2026-03-18,2460.04,Servo drive kit,4
CUST-10015,2026-04-12,881.02,Conveyor bearing 6205,1
CUST-10015,2026-04-21,3179.68,Analytics seat,2
CUST-10015,2026-04-24,2423.5,Fiber 300 plan,3
CUST-10015,2026-06-29,1179.14,Aura bottle 1L,2
CUST-10015,2026-07-19,4640.75,Cold-chain logger,4
CUST-10015,2026-07-20,3996.68,Trade desk seat,4
CUST-10015,2026-08-08,2012.41,Refill pack,2
CUST-10016,2024-12-19,2889.48,Refill pack,2
CUST-10016,2024-12-27,1774.93,Servo drive kit,2
CUST-10016,2025-02-17,1351.32,Conveyor bearing 6205,1
CUST-10016,2025-04-03,1343.72,Analytics seat,2
CUST-10016,2025-08-14,2178.18,Fiber 300 plan,2
CUST-10016,2025-08-18,1628.06,Aura bottle 1L,2
CUST-10016,2025-10-31,2383.88,Cold-chain logger,2
CUST-10016,2026-01-09,5341.0,Trade desk seat,3
CUST-10016,2026-01-10,6904.77,Refill pack,4
CUST-10016,2026-07-07,5066.44,Servo drive kit,4
CUST-10016,2026-08-26,1919.29,Conveyor bearing 6205,4
CUST-10017,2024-09-05,646.23,Servo drive kit,1
CUST-10017,2024-12-22,1407.29,Conveyor bearing 6205,1
CUST-10017,2025-01-26,2531.59,Analytics seat,2
CUST-10017,2025-06-16,708.25,Fiber 300 plan,1
CUST-10017,2025-08-30,2637.04,Aura bottle 1L,3
CUST-10017,2025-09-11,2976.44,Cold-chain logger,4
CUST-10017,2025-11-25,2537.24,Trade desk seat,2
CUST-10017,2026-03-25,3761.27,Refill pack,4
CUST-10017,2026-04-10,999.13,Servo drive kit,1
CUST-10017,2026-06-29,3536.74,Conveyor bearing 6205,3
CUST-10017,2026-08-16,3753.79,Analytics seat,4
CUST-10018,2025-05-18,3565.18,Conveyor bearing 6205,2
CUST-10018,2025-07-20,3513.68,Analytics seat,4
CUST-10018,2025-10-30,634.46,Fiber 300 plan,1
CUST-10018,2026-02-08,2293.36,Aura bottle 1L,2
CUST-10018,2026-04-01,2066.33,Cold-chain logger,3
CUST-10018,2026-04-18,993.44,Trade desk seat,1
CUST-10018,2026-06-17,3334.41,Refill pack,4
CUST-10018,2026-08-26,1032.82,Servo drive kit,2
CUST-10019,2025-12-28,334.49,Analytics seat,1
CUST-10019,2026-02-16,1678.22,Fiber 300 plan,3
CUST-10019,2026-03-19,326.56,Aura bottle 1L,1
CUST-10019,2026-03-21,1602.04,Cold-chain logger,3
CUST-10019,2026-04-12,685.63,Trade desk seat,1
CUST-10019,2026-05-22,2700.65,Refill pack,4
CUST-10019,2026-06-26,1025.65,Servo drive kit,2
CUST-10019,2026-06-30,3186.08,Conveyor bearing 6205,3
CUST-10019,2026-08-09,1045.54,Analytics seat,2
CUST-10019,2026-08-15,1788.91,Fiber 300 plan,2
CUST-10020,2026-01-30,2192.18,Fiber 300 plan,3
CUST-10020,2026-02-09,860.12,Aura bottle 1L,1
CUST-10020,2026-04-16,1024.48,Cold-chain logger,1
CUST-10020,2026-04-25,1035.02,Trade desk seat,1
CUST-10020,2026-06-17,355.38,Refill pack,1
CUST-10020,2026-07-25,1108.03,Servo drive kit,1
CUST-10021,2025-04-06,1391.03,Aura bottle 1L,2
CUST-10021,2026-04-11,1294.72,Cold-chain logger,3
CUST-10021,2026-05-14,1216.85,Trade desk seat,1
CUST-10021,2026-06-16,2173.86,Refill pack,2
CUST-10022,2025-01-16,2848.81,Cold-chain logger,4
CUST-10022,2025-05-06,1077.1,Trade desk seat,1
CUST-10022,2025-06-08,3193.77,Refill pack,3
CUST-10022,2026-01-11,2212.39,Servo drive kit,4
CUST-10022,2026-08-12,1017.55,Conveyor bearing 6205,2
CUST-10023,2024-12-06,3908.59,Trade desk seat,4
CUST-10023,2024-12-18,4242.79,Refill pack,4
CUST-10023,2025-02-05,2514.59,Servo drive kit,2
CUST-10023,2025-04-09,2186.02,Conveyor bearing 6205,3
CUST-10023,2025-04-12,822.32,Analytics seat,1
CUST-10023,2025-04-15,2358.94,Fiber 300 plan,3
CUST-10023,2025-07-30,943.55,Aura bottle 1L,1
CUST-10023,2025-09-02,1028.92,Cold-chain logger,1
CUST-10023,2025-09-18,4200.11,Trade desk seat,4
CUST-10023,2025-10-17,1083.02,Refill pack,1
CUST-10023,2026-03-03,1178.58,Servo drive kit,1
CUST-10023,2026-03-18,1323.73,Conveyor bearing 6205,2
CUST-10023,2026-04-26,914.45,Analytics seat,1
CUST-10023,2026-08-14,961.18,Fiber 300 plan,1
CUST-10023,2026-08-20,2496.82,Aura bottle 1L,2
CUST-10024,2025-11-25,2129.54,Refill pack,4
CUST-10024,2026-01-02,1235.39,Servo drive kit,2
CUST-10024,2026-03-05,2166.88,Conveyor bearing 6205,3
CUST-10024,2026-04-13,2057.7,Analytics seat,2
CUST-10024,2026-07-03,562.46,Fiber 300 plan,1
CUST-10025,2025-03-20,1832.55,Servo drive kit,3
CUST-10025,2025-07-22,1055.6,Conveyor bearing 6205,1
CUST-10025,2025-09-06,1230.11,Analytics seat,1
CUST-10025,2025-11-16,3863.85,Fiber 300 plan,4
CUST-10025,2025-11-18,4559.83,Aura bottle 1L,2
CUST-10025,2025-12-12,3335.38,Cold-chain logger,3
CUST-10025,2026-03-05,2175.44,Trade desk seat,2
CUST-10025,2026-03-27,3634.57,Refill pack,3
CUST-10025,2026-05-29,2760.57,Servo drive kit,2
CUST-10025,2026-06-12,1774.0,Conveyor bearing 6205,1
CUST-10025,2026-06-15,5259.52,Analytics seat,4
CUST-10026,2024-06-09,3237.91,Conveyor bearing 6205,3
CUST-10026,2024-06-15,5705.93,Analytics seat,3
CUST-10026,2024-09-05,4522.84,Fiber 300 plan,4
CUST-10026,2025-02-12,3118.01,Aura bottle 1L,3
CUST-10026,2025-02-13,2133.3,Cold-chain logger,2
CUST-10026,2025-08-17,2962.57,Trade desk seat,3
CUST-10026,2025-11-09,3331.8,Refill pack,4
CUST-10026,2025-11-29,2186.38,Servo drive kit,2
CUST-10026,2026-03-05,1956.5,Conveyor bearing 6205,2
CUST-10026,2026-04-04,4671.0,Analytics seat,4
CUST-10026,2026-04-13,4020.81,Fiber 300 plan,3
CUST-10026,2026-06-21,2250.26,Aura bottle 1L,3
CUST-10026,2026-06-30,3179.65,Cold-chain logger,2
CUST-10027,2025-08-13,3606.14,Analytics seat,3
CUST-10027,2025-11-16,4595.99,Fiber 300 plan,3
CUST-10027,2025-11-18,889.59,Aura bottle 1L,1
CUST-10027,2025-11-30,2979.64,Cold-chain logger,3
CUST-10027,2025-12-04,2298.95,Trade desk seat,2
CUST-10027,2026-01-31,2586.95,Refill pack,2
CUST-10027,2026-02-13,2014.18,Servo drive kit,2
CUST-10027,2026-04-22,4488.67,Conveyor bearing 6205,3
CUST-10027,2026-04-25,1490.66,Analytics seat,2
CUST-10027,2026-05-01,1902.3,Fiber 300 plan,1
CUST-10027,2026-05-03,643.38,Aura bottle 1L,1
CUST-10027,2026-07-11,3186.06,Cold-chain logger,4
CUST-10027,2026-08-04,4677.73,Trade desk seat,4
CUST-10028,2026-02-23,2213.88,Fiber 300 plan,4
CUST-10028,2026-06-11,2675.87,Aura bottle 1L,3
CUST-10029,2025-02-09,2790.59,Aura bottle 1L,4
CUST-10029,2025-04-06,590.14,Cold-chain logger,1
CUST-10029,2025-04-09,1497.38,Trade desk seat,2
CUST-10029,2025-06-04,6540.57,Refill pack,4
CUST-10029,2025-08-03,2754.67,Servo drive kit,1
CUST-10029,2025-10-11,6812.27,Conveyor bearing 6205,4
CUST-10029,2025-10-12,4489.24,Analytics seat,4
CUST-10029,2026-03-04,4795.98,Fiber 300 plan,4
CUST-10029,2026-05-01,1053.11,Aura bottle 1L,1
CUST-10029,2026-05-25,1786.58,Cold-chain logger,2
CUST-10030,2024-11-03,1770.76,Cold-chain logger,2
CUST-10030,2024-12-16,1280.7,Trade desk seat,1
CUST-10030,2024-12-27,1948.34,Refill pack,2
CUST-10030,2025-07-19,609.33,Servo drive kit,1
CUST-10030,2026-01-12,2586.53,Conveyor bearing 6205,3
CUST-10030,2026-02-09,662.44,Analytics seat,1
CUST-10030,2026-03-22,3229.9,Fiber 300 plan,4
CUST-10030,2026-06-03,3134.15,Aura bottle 1L,4
CUST-10031,2025-07-29,3145.8,Trade desk seat,3
CUST-10031,2025-08-05,3132.42,Refill pack,4
CUST-10031,2025-10-09,990.79,Servo drive kit,1
CUST-10031,2025-12-22,1907.22,Conveyor bearing 6205,2
CUST-10031,2026-06-15,1616.91,Analytics seat,4
CUST-10032,2024-07-09,1497.94,Refill pack,1
CUST-10032,2024-08-03,1678.71,Servo drive kit,2
CUST-10032,2024-08-25,4426.11,Conveyor bearing 6205,4
CUST-10032,2024-12-01,686.06,Analytics seat,1
CUST-10032,2025-02-07,3786.49,Fiber 300 plan,3
CUST-10032,2025-03-11,5505.69,Aura bottle 1L,4
CUST-10032,2025-07-08,7594.07,Cold-chain logger,4
CUST-10032,2025-08-11,6320.97,Trade desk seat,4
CUST-10032,2026-01-26,5776.44,Refill pack,4
CUST-10032,2026-03-30,8741.42,Servo drive kit,4
CUST-10033,2025-10-11,4039.69,Servo drive kit,3
CUST-10033,2025-11-15,2460.07,Conveyor bearing 6205,2
CUST-10033,2025-12-08,1321.42,Analytics seat,1
CUST-10033,2026-05-10,2490.9,Fiber 300 plan,2
CUST-10033,2026-06-01,4993.41,Aura bottle 1L,4
CUST-10033,2026-06-24,2764.85,Cold-chain logger,4
CUST-10033,2026-07-06,676.53,Trade desk seat,1
CUST-10033,2026-08-14,1380.69,Refill pack,3
CUST-10034,2025-07-24,3687.09,Conveyor bearing 6205,4
CUST-10034,2025-08-16,2865.21,Analytics seat,4
CUST-10034,2025-09-29,4820.36,Fiber 300 plan,4
CUST-10034,2025-11-08,4725.66,Aura bottle 1L,4
CUST-10034,2025-12-31,6375.95,Cold-chain logger,4
CUST-10034,2026-01-30,841.76,Trade desk seat,1
CUST-10034,2026-04-17,771.6,Refill pack,1
CUST-10034,2026-05-14,3870.7,Servo drive kit,4
CUST-10034,2026-06-23,5076.41,Conveyor bearing 6205,3
CUST-10034,2026-08-12,1090.09,Analytics seat,1
CUST-10035,2026-01-11,1348.21,Analytics seat,3
CUST-10035,2026-01-15,4945.82,Fiber 300 plan,3
CUST-10035,2026-02-17,1214.98,Aura bottle 1L,3
CUST-10035,2026-03-22,708.51,Cold-chain logger,1
CUST-10035,2026-03-25,2838.18,Trade desk seat,2
CUST-10035,2026-04-18,1233.43,Refill pack,1
CUST-10035,2026-04-24,5220.64,Servo drive kit,4
CUST-10035,2026-05-02,2992.17,Conveyor bearing 6205,3
CUST-10035,2026-05-13,4885.76,Analytics seat,4
CUST-10035,2026-05-16,4872.82,Fiber 300 plan,3
CUST-10035,2026-07-10,1641.13,Aura bottle 1L,2
CUST-10035,2026-07-28,3187.51,Cold-chain logger,3
CUST-10035,2026-08-10,1858.96,Trade desk seat,3
CUST-10035,2026-08-18,1502.35,Refill pack,1
CUST-10036,2026-06-18,1776.03,Fiber 300 plan,3
CUST-10036,2026-06-30,1054.05,Aura bottle 1L,1
CUST-10036,2026-08-23,2100.49,Cold-chain logger,3
CUST-10036,2026-08-27,3725.33,Trade desk seat,4
CUST-10037,2024-11-01,1491.78,Aura bottle 1L,2
CUST-10037,2024-11-10,3121.75,Cold-chain logger,4
CUST-10037,2024-11-28,3328.03,Trade desk seat,3
CUST-10037,2025-01-21,7243.46,Refill pack,4
CUST-10037,2025-01-25,1165.23,Servo drive kit,1
CUST-10037,2025-03-27,2308.46,Conveyor bearing 6205,2
CUST-10037,2025-05-25,1728.35,Analytics seat,3
CUST-10037,2025-06-12,842.48,Fiber 300 plan,1
CUST-10037,2025-06-15,878.6,Aura bottle 1L,1
CUST-10037,2025-08-01,3080.4,Cold-chain logger,4
CUST-10037,2025-08-01,1203.37,Trade desk seat,1
CUST-10037,2025-10-21,2370.86,Refill pack,2
CUST-10037,2026-02-10,3762.98,Servo drive kit,4
CUST-10037,2026-02-10,3259.88,Conveyor bearing 6205,4
CUST-10037,2026-03-22,2059.37,Analytics seat,1
CUST-10037,2026-05-21,4401.45,Fiber 300 plan,3
CUST-10038,2024-08-03,1949.8,Cold-chain logger,3
CUST-10038,2025-08-01,979.9,Trade desk seat,2
CUST-10038,2025-08-18,4489.3,Refill pack,4
CUST-10038,2025-08-27,3440.48,Servo drive kit,4
CUST-10038,2025-10-11,931.94,Conveyor bearing 6205,2
CUST-10039,2024-12-06,5162.62,Trade desk seat,3
CUST-10039,2025-02-04,992.41,Refill pack,2
CUST-10039,2025-02-23,6004.9,Servo drive kit,4
CUST-10039,2025-06-09,967.27,Conveyor bearing 6205,1
CUST-10039,2025-06-18,1720.27,Analytics seat,2
CUST-10039,2025-12-06,2782.43,Fiber 300 plan,3
CUST-10039,2026-01-07,622.45,Aura bottle 1L,1
CUST-10039,2026-03-01,3370.85,Cold-chain logger,3
CUST-10039,2026-06-14,3707.86,Trade desk seat,4
CUST-10040,2025-05-24,972.82,Refill pack,2
CUST-10040,2025-07-18,2047.3,Servo drive kit,3
CUST-10040,2025-10-06,5549.0,Conveyor bearing 6205,4
CUST-10040,2025-11-04,1335.95,Analytics seat,3
CUST-10040,2025-12-08,1686.95,Fiber 300 plan,3
CUST-10040,2026-04-10,1614.97,Aura bottle 1L,2
CUST-10040,2026-06-23,2461.55,Cold-chain logger,3
CUST-10041,2024-11-02,2004.84,Servo drive kit,4
CUST-10041,2025-01-20,1302.2,Conveyor bearing 6205,2
CUST-10041,2025-02-07,3188.31,Analytics seat,3
CUST-10041,2025-02-21,1076.84,Fiber 300 plan,1
CUST-10041,2025-02-27,2828.99,Aura bottle 1L,4
CUST-10041,2025-12-10,1703.97,Cold-chain logger,2
CUST-10041,2026-03-02,1086.1,Trade desk seat,2
CUST-10041,2026-07-23,1751.33,Refill pack,3
CUST-10041,2026-08-24,2159.59,Servo drive kit,4
CUST-10042,2025-12-20,905.91,Conveyor bearing 6205,2
CUST-10042,2025-12-27,1396.3,Analytics seat,2
CUST-10042,2026-03-02,2540.66,Fiber 300 plan,3
CUST-10042,2026-04-18,2607.84,Aura bottle 1L,3
CUST-10043,2026-04-02,3013.82,Analytics seat,2
CUST-10043,2026-04-11,1785.38,Fiber 300 plan,4
CUST-10043,2026-04-18,1156.17,Aura bottle 1L,1
CUST-10043,2026-05-20,1478.59,Cold-chain logger,1
CUST-10043,2026-06-25,2274.33,Trade desk seat,3
CUST-10043,2026-07-20,2134.15,Refill pack,2
CUST-10043,2026-07-21,3358.61,Servo drive kit,3
CUST-10044,2026-02-27,2148.2,Fiber 300 plan,2
CUST-10044,2026-03-26,5068.35,Aura bottle 1L,3
CUST-10044,2026-04-01,1745.24,Cold-chain logger,2
CUST-10044,2026-04-28,3342.53,Trade desk seat,3
CUST-10044,2026-05-08,2457.75,Refill pack,2
CUST-10044,2026-05-20,3237.39,Servo drive kit,3
CUST-10044,2026-07-08,2545.67,Conveyor bearing 6205,4
CUST-10044,2026-07-21,2606.66,Analytics seat,2
CUST-10044,2026-07-21,4112.84,Fiber 300 plan,4
CUST-10044,2026-07-24,1573.66,Aura bottle 1L,1
CUST-10044,2026-08-12,2529.82,Cold-chain logger,2
CUST-10044,2026-08-20,4037.0,Trade desk seat,4
CUST-10044,2026-08-25,2633.93,Refill pack,4
CUST-10045,2025-11-13,978.92,Aura bottle 1L,1
CUST-10045,2025-12-19,2559.05,Cold-chain logger,2
CUST-10045,2026-02-07,729.37,Trade desk seat,1
CUST-10045,2026-03-12,1612.13,Refill pack,4
CUST-10045,2026-03-30,3436.5,Servo drive kit,4
CUST-10045,2026-06-06,1881.26,Conveyor bearing 6205,3
CUST-10045,2026-08-04,728.68,Analytics seat,1
CUST-10046,2024-08-02,3805.75,Cold-chain logger,2
CUST-10046,2024-10-22,1354.7,Trade desk seat,1
CUST-10046,2024-10-23,4305.19,Refill pack,3
CUST-10046,2025-01-05,1730.31,Servo drive kit,2
CUST-10046,2025-03-15,5065.28,Conveyor bearing 6205,4
CUST-10046,2025-05-10,955.2,Analytics seat,1
CUST-10046,2025-05-15,3460.78,Fiber 300 plan,4
CUST-10046,2025-05-30,913.61,Aura bottle 1L,1
CUST-10046,2025-06-05,930.82,Cold-chain logger,1
CUST-10046,2025-06-22,3333.9,Trade desk seat,2
CUST-10046,2025-08-05,4128.47,Refill pack,2
CUST-10046,2025-12-31,7527.53,Servo drive kit,3
CUST-10046,2026-01-07,1162.91,Conveyor bearing 6205,1
CUST-10046,2026-03-03,2255.16,Analytics seat,3
CUST-10046,2026-03-16,2730.17,Fiber 300 plan,3
CUST-10046,2026-07-09,2351.11,Aura bottle 1L,3
CUST-10047,2024-11-02,929.13,Trade desk seat,2
CUST-10047,2025-01-04,3170.54,Refill pack,4
CUST-10047,2025-02-05,843.48,Servo drive kit,1
CUST-10047,2025-03-02,2188.03,Conveyor bearing 6205,3
CUST-10047,2025-03-26,3504.33,Analytics seat,4
CUST-10047,2025-08-11,1037.14,Fiber 300 plan,1
CUST-10047,2025-08-15,1539.37,Aura bottle 1L,2
CUST-10047,2025-11-26,2752.58,Cold-chain logger,3
CUST-10047,2025-11-28,1049.76,Trade desk seat,1
CUST-10047,2026-01-05,888.17,Refill pack,1
CUST-10047,2026-07-11,1243.41,Servo drive kit,1
CUST-10048,2025-01-01,479.29,Refill pack,1
CUST-10048,2025-05-21,1586.79,Servo drive kit,4
CUST-10048,2025-05-23,1637.57,Conveyor bearing 6205,2
CUST-10048,2025-07-14,2830.14,Analytics seat,4
CUST-10048,2025-07-17,3060.93,Fiber 300 plan,3
CUST-10048,2025-07-25,877.72,Aura bottle 1L,1
CUST-10048,2025-07-29,728.95,Cold-chain logger,1
CUST-10048,2025-10-05,2867.76,Trade desk seat,3
CUST-10048,2026-01-17,635.37,Refill pack,1
CUST-10048,2026-03-07,4665.66,Servo drive kit,4
CUST-10048,2026-04-16,928.96,Conveyor bearing 6205,1
CUST-10049,2026-01-05,2004.9,Servo drive kit,3
CUST-10049,2026-03-19,3119.62,Conveyor bearing 6205,3
CUST-10049,2026-03-27,3517.81,Analytics seat,3
CUST-10049,2026-04-15,5551.68,Fiber 300 plan,4
CUST-10049,2026-04-26,2605.43,Aura bottle 1L,4
CUST-10049,2026-05-24,911.89,Cold-chain logger,2
CUST-10049,2026-06-20,791.1,Trade desk seat,1
CUST-10050,2026-05-12,654.57,Conveyor bearing 6205,1
CUST-10050,2026-05-13,4699.29,Analytics seat,3
CUST-10050,2026-06-22,558.14,Fiber 300 plan,1
CUST-10050,2026-06-29,3217.83,Aura bottle 1L,3
CUST-10050,2026-07-02,1440.79,Cold-chain logger,2
CUST-10050,2026-07-10,3063.77,Trade desk seat,4
CUST-10050,2026-07-14,5923.07,Refill pack,4
CUST-10050,2026-07-15,2396.4,Servo drive kit,4
CUST-10050,2026-07-17,949.45,Conveyor bearing 6205,1
CUST-10050,2026-08-10,5158.9,Analytics seat,3
CUST-10050,2026-08-20,2726.83,Fiber 300 plan,4
CUST-10051,2025-07-27,2566.57,Analytics seat,2
CUST-10051,2025-09-01,2616.66,Fiber 300 plan,3
CUST-10051,2025-09-04,3021.9,Aura bottle 1L,3
CUST-10051,2025-09-09,1822.34,Cold-chain logger,3
CUST-10051,2025-09-23,3814.06,Trade desk seat,3
CUST-10051,2025-10-03,4191.14,Refill pack,4
CUST-10051,2025-10-28,1685.25,Servo drive kit,1
CUST-10051,2025-11-04,2061.63,Conveyor bearing 6205,2
CUST-10051,2026-01-13,1596.19,Analytics seat,2
CUST-10051,2026-01-21,889.06,Fiber 300 plan,1
CUST-10051,2026-02-18,1475.04,Aura bottle 1L,2
CUST-10051,2026-04-20,1040.88,Cold-chain logger,1
CUST-10052,2026-05-30,3566.37,Fiber 300 plan,4
CUST-10052,2026-06-01,1334.13,Aura bottle 1L,1
CUST-10052,2026-07-05,1803.98,Cold-chain logger,2
CUST-10053,2026-03-30,3051.14,Aura bottle 1L,3
CUST-10053,2026-04-02,3801.25,Cold-chain logger,3
CUST-10053,2026-04-17,3588.37,Trade desk seat,2
CUST-10053,2026-05-21,1404.58,Refill pack,2
CUST-10053,2026-06-08,1943.3,Servo drive kit,3
CUST-10053,2026-06-30,2311.96,Conveyor bearing 6205,2
CUST-10053,2026-07-06,1901.67,Analytics seat,2
CUST-10054,2026-01-05,593.13,Cold-chain logger,1
CUST-10054,2026-02-21,3542.45,Trade desk seat,4
CUST-10054,2026-02-22,989.9,Refill pack,1
CUST-10054,2026-05-20,1917.75,Servo drive kit,2
CUST-10054,2026-08-09,988.95,Conveyor bearing 6205,1
CUST-10055,2024-12-07,830.74,Trade desk seat,1
CUST-10055,2024-12-25,1397.32,Refill pack,1
CUST-10055,2025-01-13,2674.58,Servo drive kit,3
CUST-10055,2025-05-18,6965.74,Conveyor bearing 6205,4
CUST-10055,2025-08-19,2419.74,Analytics seat,3
CUST-10055,2025-09-20,4593.67,Fiber 300 plan,4
CUST-10055,2026-02-16,5075.45,Aura bottle 1L,4
CUST-10055,2026-03-22,2934.33,Cold-chain logger,2
CUST-10055,2026-03-23,2531.55,Trade desk seat,2
CUST-10055,2026-03-26,1948.04,Refill pack,2
CUST-10055,2026-04-19,1107.42,Servo drive kit,1
CUST-10055,2026-05-15,4599.64,Conveyor bearing 6205,4
CUST-10055,2026-07-09,5180.99,Analytics seat,4
CUST-10055,2026-07-11,2166.31,Fiber 300 plan,2
CUST-10055,2026-08-24,1092.08,Aura bottle 1L,1
CUST-10056,2025-09-13,1232.29,Refill pack,1
CUST-10056,2025-10-24,1683.78,Servo drive kit,2
CUST-10056,2025-11-09,2315.36,Conveyor bearing 6205,3
CUST-10056,2025-11-15,944.93,Analytics seat,1
CUST-10056,2026-03-07,4489.59,Fiber 300 plan,4
CUST-10056,2026-07-29,2773.36,Aura bottle 1L,2
CUST-10056,2026-08-02,1596.28,Cold-chain logger,2
CUST-10057,2025-09-17,1327.17,Servo drive kit,3
CUST-10057,2025-10-10,1793.35,Conveyor bearing 6205,3
CUST-10057,2025-10-15,3416.67,Analytics seat,4
CUST-10057,2025-12-25,2440.7,Fiber 300 plan,3
CUST-10057,2026-01-03,6864.91,Aura bottle 1L,4
CUST-10057,2026-04-03,2057.71,Cold-chain logger,2
CUST-10057,2026-04-26,1225.78,Trade desk seat,2
CUST-10058,2025-10-21,3545.92,Conveyor bearing 6205,4
CUST-10058,2025-10-21,2623.31,Analytics seat,4
CUST-10058,2025-11-06,1299.91,Fiber 300 plan,2
CUST-10058,2025-11-21,2336.09,Aura bottle 1L,4
CUST-10058,2026-03-23,904.74,Cold-chain logger,1
CUST-10058,2026-05-25,1051.08,Trade desk seat,1
CUST-10058,2026-05-31,945.65,Refill pack,1
CUST-10058,2026-06-09,4067.95,Servo drive kit,4
CUST-10059,2024-12-19,2302.08,Analytics seat,2
CUST-10059,2025-01-22,4493.74,Fiber 300 plan,3
CUST-10059,2025-04-27,2485.41,Aura bottle 1L,2
CUST-10059,2025-08-30,2335.92,Cold-chain logger,3
CUST-10059,2025-10-02,4302.23,Trade desk seat,4
CUST-10059,2026-06-07,1211.22,Refill pack,1
CUST-10060,2026-01-29,1127.96,Fiber 300 plan,1
CUST-10060,2026-02-21,6017.63,Aura bottle 1L,3
CUST-10060,2026-03-20,2047.71,Cold-chain logger,3
CUST-10060,2026-03-28,2929.56,Trade desk seat,4
CUST-10060,2026-05-10,2388.07,Refill pack,4
CUST-10060,2026-06-20,309.98,Servo drive kit,1
CUST-10060,2026-06-27,1855.44,Conveyor bearing 6205,2
CUST-10060,2026-08-16,2057.9,Analytics seat,3
CUST-10061,2025-06-07,769.27,Aura bottle 1L,1
CUST-10061,2025-09-09,693.97,Cold-chain logger,1
CUST-10061,2026-02-12,723.29,Trade desk seat,1
CUST-10061,2026-05-22,1849.71,Refill pack,1
CUST-10061,2026-08-06,2027.69,Servo drive kit,2
CUST-10062,2026-05-11,949.39,Cold-chain logger,1
CUST-10062,2026-05-15,3491.71,Trade desk seat,4
CUST-10062,2026-05-18,420.84,Refill pack,1
CUST-10062,2026-05-19,773.82,Servo drive kit,1
CUST-10062,2026-05-31,1003.17,Conveyor bearing 6205,1
CUST-10062,2026-06-18,1796.05,Analytics seat,2
CUST-10062,2026-07-04,5212.99,Fiber 300 plan,4
CUST-10062,2026-07-31,3298.87,Aura bottle 1L,4
CUST-10062,2026-08-10,3766.95,Cold-chain logger,3
CUST-10062,2026-08-20,562.79,Trade desk seat,1
CUST-10062,2026-08-25,4995.46,Refill pack,4
CUST-10063,2025-10-25,5385.89,Trade desk seat,4
CUST-10063,2025-12-16,2685.01,Refill pack,4
CUST-10063,2025-12-28,3117.14,Servo drive kit,3
CUST-10063,2026-02-22,1746.3,Conveyor bearing 6205,4
CUST-10063,2026-04-23,3036.36,Analytics seat,4
CUST-10063,2026-06-06,1438.01,Fiber 300 plan,2
CUST-10063,2026-06-23,1735.15,Aura bottle 1L,2
CUST-10063,2026-07-27,3501.45,Cold-chain logger,2
CUST-10064,2026-05-01,2600.67,Refill pack,4
CUST-10064,2026-06-01,3790.31,Servo drive kit,4
CUST-10064,2026-06-14,586.9,Conveyor bearing 6205,1
CUST-10064,2026-07-05,809.06,Analytics seat,1
CUST-10064,2026-08-16,3333.25,Fiber 300 plan,3
CUST-10065,2025-10-19,3701.65,Servo drive kit,3
CUST-10065,2025-11-30,2748.92,Conveyor bearing 6205,3
CUST-10065,2025-12-10,2439.73,Analytics seat,2
CUST-10065,2026-01-23,2397.95,Fiber 300 plan,2
CUST-10065,2026-01-28,702.36,Aura bottle 1L,1
CUST-10065,2026-02-12,5963.86,Cold-chain logger,3
CUST-10065,2026-03-26,2636.01,Trade desk seat,3
CUST-10065,2026-06-19,3027.84,Refill pack,4
CUST-10065,2026-06-28,5645.35,Servo drive kit,4
CUST-10065,2026-07-31,4002.01,Conveyor bearing 6205,4
CUST-10066,2026-05-20,3655.36,Conveyor bearing 6205,3
CUST-10066,2026-05-27,1380.18,Analytics seat,2
CUST-10066,2026-06-08,1008.56,Fiber 300 plan,1
CUST-10066,2026-06-17,1817.65,Aura bottle 1L,2
CUST-10066,2026-06-24,2354.04,Cold-chain logger,3
CUST-10066,2026-06-24,4811.59,Trade desk seat,4
CUST-10066,2026-07-31,1418.64,Refill pack,3
CUST-10066,2026-08-11,4137.57,Servo drive kit,4
CUST-10067,2026-03-03,2654.84,Analytics seat,3
CUST-10067,2026-03-07,1746.13,Fiber 300 plan,3
CUST-10067,2026-04-06,1206.27,Aura bottle 1L,1
CUST-10067,2026-04-15,2503.76,Cold-chain logger,2
CUST-10067,2026-05-24,2173.36,Trade desk seat,2
CUST-10067,2026-05-24,751.18,Refill pack,1
CUST-10067,2026-06-11,3638.96,Servo drive kit,4
CUST-10067,2026-06-26,3290.25,Conveyor bearing 6205,3
CUST-10067,2026-07-27,5074.25,Analytics seat,4
CUST-10067,2026-08-06,3451.87,Fiber 300 plan,4
CUST-10067,2026-08-26,578.5,Aura bottle 1L,1
CUST-10068,2025-05-07,4493.08,Fiber 300 plan,3
CUST-10068,2025-06-12,7726.61,Aura bottle 1L,4
CUST-10068,2025-06-22,3404.15,Cold-chain logger,4
CUST-10068,2025-06-27,5556.58,Trade desk seat,3
CUST-10068,2025-08-21,4658.06,Refill pack,4
CUST-10068,2025-09-20,1024.29,Servo drive kit,1
CUST-10068,2025-10-05,5209.49,Conveyor bearing 6205,3
CUST-10068,2025-10-21,1625.09,Analytics seat,2
CUST-10068,2025-12-03,1065.5,Fiber 300 plan,1
CUST-10068,2025-12-12,1531.52,Aura bottle 1L,2
CUST-10068,2026-01-01,3181.7,Cold-chain logger,3
CUST-10069,2025-09-07,2609.08,Aura bottle 1L,3
CUST-10069,2025-10-17,1530.99,Cold-chain logger,2
CUST-10069,2025-10-29,1002.48,Trade desk seat,1
CUST-10069,2025-11-18,3000.69,Refill pack,4
CUST-10069,2025-12-27,3342.51,Servo drive kit,4
CUST-10069,2026-06-25,1295.01,Conveyor bearing 6205,2
CUST-10069,2026-07-08,920.87,Analytics seat,1
CUST-10069,2026-08-13,1856.63,Fiber 300 plan,2
CUST-10070,2026-02-25,763.24,Cold-chain logger,1
CUST-10070,2026-03-24,2496.89,Trade desk seat,3
CUST-10070,2026-03-26,3152.69,Refill pack,3
CUST-10070,2026-03-30,7796.19,Servo drive kit,4
CUST-10070,2026-04-02,4261.41,Conveyor bearing 6205,3
CUST-10070,2026-05-24,3770.57,Analytics seat,3
CUST-10070,2026-07-15,1766.67,Fiber 300 plan,2
CUST-10070,2026-07-16,4836.92,Aura bottle 1L,3
CUST-10070,2026-08-17,4800.1,Cold-chain logger,3
CUST-10070,2026-08-26,3618.07,Trade desk seat,2
CUST-10071,2025-10-01,1839.47,Trade desk seat,3
CUST-10071,2025-10-18,2344.04,Refill pack,2
CUST-10071,2025-12-09,1231.13,Servo drive kit,1
CUST-10071,2026-01-18,2783.59,Conveyor bearing 6205,4
CUST-10071,2026-02-25,773.78,Analytics seat,1
CUST-10071,2026-03-11,567.62,Fiber 300 plan,1
CUST-10071,2026-03-25,3763.01,Aura bottle 1L,4
CUST-10071,2026-04-19,930.88,Cold-chain logger,2
CUST-10071,2026-05-12,853.64,Trade desk seat,1
CUST-10071,2026-06-06,2157.69,Refill pack,4
CUST-10071,2026-06-12,3077.38,Servo drive kit,3
CUST-10071,2026-08-27,4266.3,Conveyor bearing 6205,4
CUST-10072,2025-11-08,939.39,Refill pack,1
CUST-10072,2025-12-30,3670.14,Servo drive kit,4
CUST-10072,2026-02-11,1599.22,Conveyor bearing 6205,2
CUST-10072,2026-04-20,3141.48,Analytics seat,2
CUST-10072,2026-04-20,2132.46,Fiber 300 plan,3
CUST-10072,2026-07-23,3124.52,Aura bottle 1L,4
CUST-10073,2024-09-21,3405.06,Servo drive kit,3
CUST-10073,2024-10-11,678.59,Conveyor bearing 6205,1
CUST-10073,2025-01-23,1487.48,Analytics seat,1
CUST-10073,2025-03-09,3041.61,Fiber 300 plan,2
CUST-10073,2025-05-05,1320.51,Aura bottle 1L,2
CUST-10073,2025-06-19,2868.73,Cold-chain logger,2
CUST-10074,2026-05-21,3422.84,Conveyor bearing 6205,4
CUST-10074,2026-05-24,705.83,Analytics seat,1
CUST-10074,2026-06-14,1202.67,Fiber 300 plan,1
CUST-10074,2026-06-15,2197.81,Aura bottle 1L,3
CUST-10074,2026-06-17,1317.93,Cold-chain logger,2
CUST-10074,2026-07-14,1241.23,Trade desk seat,2
CUST-10074,2026-07-30,4937.76,Refill pack,3
CUST-10074,2026-08-06,985.75,Servo drive kit,1
CUST-10074,2026-08-10,2022.01,Conveyor bearing 6205,4
CUST-10074,2026-08-13,2280.79,Analytics seat,3
CUST-10074,2026-08-15,1489.42,Fiber 300 plan,3
CUST-10074,2026-08-27,1003.99,Aura bottle 1L,1
CUST-10075,2026-03-22,2747.29,Analytics seat,4
CUST-10075,2026-06-12,1701.32,Fiber 300 plan,3
CUST-10076,2024-06-06,486.96,Fiber 300 plan,1
CUST-10076,2024-11-09,1800.19,Aura bottle 1L,3
CUST-10076,2025-06-19,4165.16,Cold-chain logger,4
CUST-10076,2025-08-02,3350.63,Trade desk seat,4
CUST-10076,2026-01-19,1421.81,Refill pack,3
CUST-10076,2026-06-29,2342.27,Servo drive kit,4
CUST-10076,2026-07-27,3092.45,Conveyor bearing 6205,3
CUST-10077,2024-07-03,1476.8,Aura bottle 1L,2
CUST-10077,2025-01-26,3859.87,Cold-chain logger,4
CUST-10077,2025-04-24,3130.02,Trade desk seat,2
CUST-10077,2025-05-03,752.66,Refill pack,1
CUST-10077,2025-10-18,2833.95,Servo drive kit,3
CUST-10077,2025-11-17,4107.67,Conveyor bearing 6205,3
CUST-10077,2026-01-10,2835.66,Analytics seat,3
CUST-10077,2026-05-01,2336.44,Fiber 300 plan,3
CUST-10077,2026-05-09,3203.8,Aura bottle 1L,3
CUST-10078,2025-01-05,2679.81,Cold-chain logger,3
CUST-10078,2025-02-02,2076.39,Trade desk seat,2
CUST-10078,2025-07-11,853.01,Refill pack,1
CUST-10078,2025-12-27,1170.23,Servo drive kit,3
CUST-10078,2026-06-28,1833.2,Conveyor bearing 6205,3
CUST-10079,2026-03-28,1865.31,Trade desk seat,3
CUST-10079,2026-04-13,1946.66,Refill pack,2
CUST-10079,2026-07-25,560.53,Servo drive kit,1
CUST-10080,2026-02-01,2424.06,Refill pack,3
CUST-10080,2026-03-03,3195.16,Servo drive kit,4
CUST-10080,2026-03-08,2533.27,Conveyor bearing 6205,3
CUST-10080,2026-05-10,1424.59,Analytics seat,1
CUST-10080,2026-05-30,6720.54,Fiber 300 plan,3
CUST-10080,2026-06-14,4004.41,Aura bottle 1L,4
CUST-10081,2026-02-08,4445.85,Servo drive kit,4
CUST-10081,2026-06-03,2500.1,Conveyor bearing 6205,4
CUST-10081,2026-07-12,3622.4,Analytics seat,4
CUST-10081,2026-07-27,1323.49,Fiber 300 plan,1
CUST-10082,2024-11-24,1172.51,Conveyor bearing 6205,1
CUST-10082,2024-12-15,5512.24,Analytics seat,4
CUST-10082,2024-12-30,2009.95,Fiber 300 plan,2
CUST-10082,2025-03-01,794.65,Aura bottle 1L,1
CUST-10082,2026-03-01,2383.29,Cold-chain logger,2
CUST-10082,2026-05-05,3394.42,Trade desk seat,3
CUST-10082,2026-07-19,2567.36,Refill pack,2
CUST-10082,2026-08-21,3462.98,Servo drive kit,3
CUST-10083,2025-02-07,4182.97,Analytics seat,2
CUST-10083,2025-05-07,493.03,Fiber 300 plan,1
CUST-10083,2025-05-22,1928.98,Aura bottle 1L,3
CUST-10083,2025-07-19,994.11,Cold-chain logger,1
CUST-10083,2025-08-17,996.94,Trade desk seat,1
CUST-10083,2025-10-25,655.11,Refill pack,1
CUST-10083,2025-11-04,1849.76,Servo drive kit,2
CUST-10083,2026-02-07,2643.69,Conveyor bearing 6205,4
CUST-10084,2025-03-17,703.77,Fiber 300 plan,1
CUST-10084,2025-04-13,2482.9,Aura bottle 1L,4
CUST-10084,2025-09-07,3604.22,Cold-chain logger,4
CUST-10084,2025-11-20,2379.79,Trade desk seat,4
CUST-10084,2026-06-03,3491.67,Refill pack,4
CUST-10085,2025-06-20,750.67,Aura bottle 1L,1
CUST-10085,2025-07-07,1205.76,Cold-chain logger,2
CUST-10085,2025-09-23,3572.78,Trade desk seat,3
CUST-10085,2025-10-29,4253.05,Refill pack,4
CUST-10085,2025-11-06,5158.64,Servo drive kit,4
CUST-10085,2025-12-18,2414.92,Conveyor bearing 6205,2
CUST-10085,2026-04-22,1173.98,Analytics seat,2
CUST-10085,2026-06-30,2606.91,Fiber 300 plan,4
CUST-10085,2026-07-23,961.9,Aura bottle 1L,1
CUST-10085,2026-08-27,2081.84,Cold-chain logger,2
CUST-10086,2026-06-08,6431.83,Cold-chain logger,4
CUST-10086,2026-06-13,4139.75,Trade desk seat,4
CUST-10086,2026-06-16,3860.26,Refill pack,4
CUST-10086,2026-07-02,2223.04,Servo drive kit,3
CUST-10086,2026-07-09,1541.63,Conveyor bearing 6205,1
CUST-10086,2026-07-14,842.19,Analytics seat,1
CUST-10086,2026-07-29,1914.97,Fiber 300 plan,2
CUST-10086,2026-07-31,5764.76,Aura bottle 1L,4
CUST-10086,2026-08-12,1812.3,Cold-chain logger,2
CUST-10087,2025-08-09,1819.61,Trade desk seat,2
CUST-10087,2025-10-13,5659.51,Refill pack,4
CUST-10087,2025-10-31,1308.05,Servo drive kit,1
CUST-10087,2025-11-08,2294.58,Conveyor bearing 6205,3
CUST-10087,2026-01-30,1438.76,Analytics seat,1
CUST-10087,2026-07-18,2204.58,Fiber 300 plan,4
CUST-10087,2026-07-22,866.61,Aura bottle 1L,1
CUST-10087,2026-08-04,2540.02,Cold-chain logger,2
CUST-10088,2025-02-22,3111.44,Refill pack,3
CUST-10088,2025-03-08,1362.82,Servo drive kit,3
CUST-10088,2025-04-04,3637.78,Conveyor bearing 6205,2
CUST-10088,2025-06-15,974.07,Analytics seat,1
CUST-10088,2025-07-28,4960.65,Fiber 300 plan,4
CUST-10088,2025-08-02,2295.26,Aura bottle 1L,2
CUST-10088,2025-09-01,3786.03,Cold-chain logger,3
CUST-10088,2025-09-16,2536.99,Trade desk seat,3
CUST-10088,2025-11-16,747.24,Refill pack,1
CUST-10088,2026-02-03,1182.68,Servo drive kit,1
CUST-10088,2026-02-14,1301.3,Conveyor bearing 6205,1
CUST-10088,2026-02-22,2445.06,Analytics seat,2
CUST-10088,2026-05-12,1367.15,Fiber 300 plan,2
CUST-10088,2026-06-11,1395.71,Aura bottle 1L,2
CUST-10088,2026-06-15,4667.74,Cold-chain logger,4
CUST-10088,2026-07-13,2837.73,Trade desk seat,3
CUST-10089,2025-04-29,2656.25,Servo drive kit,2
CUST-10089,2025-06-29,2002.07,Conveyor bearing 6205,2
CUST-10089,2025-08-18,3827.89,Analytics seat,4
CUST-10089,2025-09-18,2749.63,Fiber 300 plan,3
CUST-10089,2025-10-24,2710.31,Aura bottle 1L,4
CUST-10089,2025-12-01,7666.74,Cold-chain logger,3
CUST-10089,2026-01-10,2180.73,Trade desk seat,2
CUST-10089,2026-01-31,4587.34,Refill pack,4
CUST-10089,2026-02-08,3778.06,Servo drive kit,3
CUST-10089,2026-02-19,2176.56,Conveyor bearing 6205,4
CUST-10089,2026-04-12,846.97,Analytics seat,1
CUST-10089,2026-04-27,3963.08,Fiber 300 plan,4
CUST-10089,2026-05-02,4589.11,Aura bottle 1L,4
CUST-10089,2026-05-30,2279.27,Cold-chain logger,3
CUST-10089,2026-06-18,3455.9,Trade desk seat,4
CUST-10089,2026-08-06,7487.77,Refill pack,4
CUST-10089,2026-08-24,3879.85,Servo drive kit,4
CUST-10090,2026-04-01,2331.6,Conveyor bearing 6205,2
CUST-10090,2026-04-09,1956.4,Analytics seat,4
CUST-10090,2026-04-23,1232.57,Fiber 300 plan,1
CUST-10090,2026-05-22,3055.46,Aura bottle 1L,3
CUST-10090,2026-06-01,4160.85,Cold-chain logger,4
CUST-10090,2026-08-03,795.08,Trade desk seat,2
CUST-10090,2026-08-23,2502.02,Refill pack,2
CUST-10090,2026-08-27,2536.33,Servo drive kit,3
CUST-10091,2025-06-07,2776.53,Analytics seat,3
CUST-10091,2025-07-19,1898.71,Fiber 300 plan,2
CUST-10091,2025-09-10,2930.99,Aura bottle 1L,4
CUST-10091,2025-10-02,958.62,Cold-chain logger,1
CUST-10091,2025-10-24,1627.87,Trade desk seat,3
CUST-10091,2025-12-16,684.86,Refill pack,1
CUST-10091,2026-03-29,2162.84,Servo drive kit,2
CUST-10091,2026-06-12,594.74,Conveyor bearing 6205,1
CUST-10091,2026-06-20,2726.39,Analytics seat,3
CUST-10091,2026-07-30,4897.14,Fiber 300 plan,3
CUST-10091,2026-08-26,4480.28,Aura bottle 1L,3
CUST-10092,2024-12-27,1801.5,Fiber 300 plan,2
CUST-10092,2025-02-05,3437.98,Aura bottle 1L,2
CUST-10092,2025-03-17,1228.76,Cold-chain logger,1
CUST-10092,2025-05-21,4540.04,Trade desk seat,4
CUST-10092,2025-09-01,1287.54,Refill pack,1
CUST-10092,2026-01-20,5032.71,Servo drive kit,4
CUST-10092,2026-01-29,2171.07,Conveyor bearing 6205,2
CUST-10092,2026-03-24,3763.96,Analytics seat,4
CUST-10092,2026-05-01,1545.19,Fiber 300 plan,2
CUST-10093,2024-08-07,6237.07,Aura bottle 1L,4
CUST-10093,2025-03-05,2482.18,Cold-chain logger,2
CUST-10093,2025-03-23,1051.57,Trade desk seat,2
CUST-10093,2025-09-06,3697.84,Refill pack,3
CUST-10093,2025-09-25,923.34,Servo drive kit,1
CUST-10093,2026-02-10,2864.02,Conveyor bearing 6205,4
CUST-10094,2025-07-07,890.57,Cold-chain logger,1
CUST-10094,2025-07-12,2681.61,Trade desk seat,3
CUST-10094,2025-08-08,3060.48,Refill pack,4
CUST-10094,2025-09-09,1985.56,Servo drive kit,2
CUST-10094,2025-09-18,1533.45,Conveyor bearing 6205,3
CUST-10094,2025-09-28,2676.6,Analytics seat,3
CUST-10094,2025-10-02,1453.79,Fiber 300 plan,3
CUST-10094,2025-10-16,1865.72,Aura bottle 1L,2
CUST-10094,2026-01-03,2138.46,Cold-chain logger,2
CUST-10094,2026-01-12,2168.97,Trade desk seat,2
CUST-10094,2026-01-17,552.25,Refill pack,1
CUST-10094,2026-02-02,7096.63,Servo drive kit,4
CUST-10094,2026-03-30,2202.37,Conveyor bearing 6205,2
CUST-10094,2026-05-03,699.19,Analytics seat,1
CUST-10094,2026-05-05,2849.8,Fiber 300 plan,4
CUST-10094,2026-06-01,3247.04,Aura bottle 1L,3
CUST-10094,2026-06-02,1520.2,Cold-chain logger,2
CUST-10094,2026-06-06,1847.15,Trade desk seat,3
CUST-10094,2026-06-28,1163.33,Refill pack,2
CUST-10094,2026-07-18,3098.21,Servo drive kit,3
CUST-10094,2026-08-10,2852.8,Conveyor bearing 6205,2
CUST-10094,2026-08-17,2286.82,Analytics seat,2
CUST-10095,2026-04-01,1115.37,Trade desk seat,1
CUST-10095,2026-04-17,1933.15,Refill pack,2
CUST-10095,2026-05-02,3640.76,Servo drive kit,3
CUST-10095,2026-05-09,2616.69,Conveyor bearing 6205,2
CUST-10095,2026-06-09,3672.44,Analytics seat,4
CUST-10095,2026-06-18,4120.98,Fiber 300 plan,4
CUST-10096,2025-09-17,2155.57,Refill pack,3
CUST-10096,2025-12-10,1770.28,Servo drive kit,2
CUST-10096,2026-02-17,1236.51,Conveyor bearing 6205,3
CUST-10096,2026-03-10,1004.83,Analytics seat,1
CUST-10096,2026-06-15,1713.0,Fiber 300 plan,2
CUST-10097,2025-12-02,2182.9,Servo drive kit,3
CUST-10097,2026-04-16,2674.34,Conveyor bearing 6205,2
CUST-10097,2026-04-22,606.66,Analytics seat,1
CUST-10097,2026-07-03,1232.66,Fiber 300 plan,1
CUST-10097,2026-08-27,2769.06,Aura bottle 1L,3
CUST-10098,2024-08-23,2596.72,Conveyor bearing 6205,3
CUST-10098,2024-12-08,2384.9,Analytics seat,2
CUST-10098,2025-04-01,7723.42,Fiber 300 plan,4
CUST-10098,2025-07-18,1564.27,Aura bottle 1L,1
CUST-10098,2025-08-07,5163.66,Cold-chain logger,3
CUST-10098,2025-12-28,2077.65,Trade desk seat,2
CUST-10098,2026-02-10,1993.35,Refill pack,2
CUST-10099,2026-04-23,2767.39,Analytics seat,4
CUST-10099,2026-04-26,983.65,Fiber 300 plan,1
CUST-10099,2026-05-09,577.06,Aura bottle 1L,1
CUST-10099,2026-05-19,2972.88,Cold-chain logger,4
CUST-10099,2026-06-01,3853.09,Trade desk seat,4
CUST-10099,2026-06-07,5103.46,Refill pack,4
CUST-10099,2026-06-20,2853.45,Servo drive kit,2
CUST-10099,2026-07-31,2937.09,Conveyor bearing 6205,4
CUST-10099,2026-08-18,609.53,Analytics seat,1
CUST-10100,2026-05-12,757.17,Fiber 300 plan,1
CUST-10100,2026-07-08,1927.13,Aura bottle 1L,3
CUST-10100,2026-08-15,1354.72,Cold-chain logger,2
CUST-10101,2025-04-13,2204.5,Aura bottle 1L,3
CUST-10101,2025-04-30,1071.01,Cold-chain logger,1
CUST-10101,2025-05-23,2088.52,Trade desk seat,2
CUST-10101,2025-06-17,1260.51,Refill pack,1
CUST-10101,2025-06-29,4018.71,Servo drive kit,3
CUST-10101,2025-08-05,1044.35,Conveyor bearing 6205,1
CUST-10101,2026-05-22,3173.27,Analytics seat,4
CUST-10101,2026-07-22,2343.31,Fiber 300 plan,2
CUST-10102,2025-07-26,1000.43,Cold-chain logger,2
CUST-10102,2025-08-05,2844.96,Trade desk seat,2
CUST-10102,2025-08-07,3236.3,Refill pack,4
CUST-10102,2025-09-13,3189.13,Servo drive kit,2
CUST-10102,2025-09-17,3223.61,Conveyor bearing 6205,2
CUST-10102,2025-11-28,859.83,Analytics seat,1
CUST-10102,2025-12-21,1854.47,Fiber 300 plan,2
CUST-10102,2026-03-03,1423.68,Aura bottle 1L,2
CUST-10102,2026-03-09,2798.31,Cold-chain logger,4
CUST-10102,2026-04-19,2807.82,Trade desk seat,4
CUST-10102,2026-07-19,583.31,Refill pack,1
CUST-10103,2025-09-18,2042.97,Trade desk seat,2
CUST-10103,2025-10-06,886.83,Refill pack,1
CUST-10103,2025-11-03,2432.77,Servo drive kit,2
CUST-10103,2025-11-12,1522.85,Conveyor bearing 6205,1
CUST-10103,2025-12-16,2437.2,Analytics seat,1
CUST-10103,2025-12-24,5508.53,Fiber 300 plan,3
CUST-10103,2026-02-22,2987.88,Aura bottle 1L,3
CUST-10103,2026-03-19,5248.53,Cold-chain logger,4
CUST-10103,2026-03-19,3348.82,Trade desk seat,2
CUST-10103,2026-04-15,3790.25,Refill pack,3
CUST-10103,2026-05-04,4247.4,Servo drive kit,3
CUST-10103,2026-07-17,2034.5,Conveyor bearing 6205,1
CUST-10103,2026-08-01,3210.12,Analytics seat,3
CUST-10104,2024-05-29,2613.44,Refill pack,3
CUST-10104,2024-08-01,1265.3,Servo drive kit,1
CUST-10104,2024-09-08,1790.39,Conveyor bearing 6205,2
CUST-10104,2024-10-17,766.78,Analytics seat,1
CUST-10104,2025-04-14,1132.29,Fiber 300 plan,1
CUST-10104,2025-07-16,1254.89,Aura bottle 1L,1
CUST-10104,2025-11-01,2379.45,Cold-chain logger,2
CUST-10104,2026-01-01,2686.33,Trade desk seat,3
CUST-10104,2026-02-10,3029.36,Refill pack,3
CUST-10104,2026-03-13,737.7,Servo drive kit,1
CUST-10104,2026-05-01,743.84,Conveyor bearing 6205,1
CUST-10105,2025-01-30,2410.82,Servo drive kit,4
CUST-10105,2025-03-08,2825.01,Conveyor bearing 6205,3
CUST-10105,2025-11-09,9751.7,Analytics seat,4
CUST-10105,2026-01-12,4491.63,Fiber 300 plan,4
CUST-10105,2026-01-29,725.87,Aura bottle 1L,1
CUST-10105,2026-02-28,1333.15,Cold-chain logger,1
CUST-10105,2026-03-31,2664.79,Trade desk seat,2
CUST-10105,2026-04-11,4389.3,Refill pack,3
CUST-10105,2026-06-22,4070.52,Servo drive kit,4
CUST-10105,2026-07-15,2678.44,Conveyor bearing 6205,2
CUST-10105,2026-08-18,836.96,Analytics seat,1
CUST-10106,2024-07-04,653.12,Conveyor bearing 6205,1
CUST-10106,2024-10-22,2109.33,Analytics seat,3
CUST-10106,2025-02-22,3117.62,Fiber 300 plan,3
CUST-10106,2025-03-16,1272.15,Aura bottle 1L,2
CUST-10106,2025-07-25,1485.87,Cold-chain logger,2
CUST-10106,2026-02-07,1973.41,Trade desk seat,2
CUST-10106,2026-04-10,1937.6,Refill pack,3
CUST-10107,2025-11-03,750.79,Analytics seat,1
CUST-10107,2025-11-20,4326.2,Fiber 300 plan,3
CUST-10107,2026-02-09,2988.64,Aura bottle 1L,4
CUST-10107,2026-03-17,3992.85,Cold-chain logger,3
CUST-10107,2026-04-08,3214.19,Trade desk seat,4
CUST-10107,2026-05-22,4631.09,Refill pack,4
CUST-10107,2026-07-11,4281.61,Servo drive kit,3
CUST-10107,2026-07-12,2959.61,Conveyor bearing 6205,2
CUST-10108,2024-10-12,3182.5,Fiber 300 plan,4
CUST-10108,2025-01-09,352.72,Aura bottle 1L,1
CUST-10108,2025-09-05,1610.86,Cold-chain logger,2
CUST-10108,2025-10-28,718.32,Trade desk seat,2
CUST-10108,2026-03-05,2611.82,Refill pack,3
CUST-10109,2024-09-05,1958.32,Aura bottle 1L,2
CUST-10109,2024-10-07,880.07,Cold-chain logger,1
CUST-10109,2025-01-12,2743.71,Trade desk seat,3
CUST-10109,2025-08-02,2688.84,Refill pack,4
CUST-10109,2026-01-01,2085.9,Servo drive kit,3
CUST-10109,2026-05-01,2933.39,Conveyor bearing 6205,3
CUST-10109,2026-05-27,1950.95,Analytics seat,2
CUST-10110,2024-10-22,1614.73,Cold-chain logger,1
CUST-10110,2025-06-05,2018.97,Trade desk seat,2
CUST-10110,2025-06-10,737.07,Refill pack,1
CUST-10110,2025-10-07,1236.14,Servo drive kit,1
CUST-10110,2026-01-15,2471.52,Conveyor bearing 6205,2
CUST-10110,2026-03-07,2820.97,Analytics seat,3
CUST-10111,2026-05-19,3183.01,Trade desk seat,3
CUST-10111,2026-06-09,4989.55,Refill pack,3
CUST-10111,2026-06-12,1760.16,Servo drive kit,2
CUST-10111,2026-06-22,3411.94,Conveyor bearing 6205,3
CUST-10111,2026-07-20,4533.4,Analytics seat,4
CUST-10111,2026-07-30,9425.9,Fiber 300 plan,4
CUST-10111,2026-08-01,1274.78,Aura bottle 1L,1
CUST-10111,2026-08-01,3811.03,Cold-chain logger,3
CUST-10111,2026-08-03,3445.1,Trade desk seat,3
CUST-10111,2026-08-09,5160.64,Refill pack,4
CUST-10112,2024-09-24,6286.92,Refill pack,4
CUST-10112,2024-11-29,1629.93,Servo drive kit,2
CUST-10112,2025-06-10,2318.31,Conveyor bearing 6205,2
CUST-10112,2025-10-26,2220.98,Analytics seat,2
CUST-10112,2025-11-01,2014.41,Fiber 300 plan,2
CUST-10112,2026-03-01,4883.55,Aura bottle 1L,3
CUST-10112,2026-04-09,1068.49,Cold-chain logger,1
CUST-10112,2026-04-11,1807.0,Trade desk seat,2
CUST-10112,2026-04-30,2492.4,Refill pack,2
CUST-10113,2024-06-29,1238.09,Servo drive kit,2
CUST-10113,2024-07-16,4015.7,Conveyor bearing 6205,4
CUST-10113,2024-08-14,2645.87,Analytics seat,4
CUST-10113,2024-09-12,8307.83,Fiber 300 plan,4
CUST-10113,2024-12-20,3724.88,Aura bottle 1L,3
CUST-10113,2024-12-22,1650.67,Cold-chain logger,2
CUST-10113,2025-04-07,3681.72,Trade desk seat,4
CUST-10113,2025-07-18,1904.49,Refill pack,2
CUST-10113,2025-08-19,2378.29,Servo drive kit,4
CUST-10113,2025-11-16,7355.82,Conveyor bearing 6205,4
CUST-10113,2025-11-17,1646.36,Analytics seat,1
CUST-10113,2025-11-22,1443.38,Fiber 300 plan,2
CUST-10113,2026-04-11,700.17,Aura bottle 1L,1
CUST-10113,2026-06-07,2295.59,Cold-chain logger,2
CUST-10113,2026-07-08,1787.54,Trade desk seat,2
CUST-10114,2026-06-16,1808.44,Conveyor bearing 6205,3
CUST-10114,2026-06-24,1709.19,Analytics seat,3
CUST-10114,2026-07-16,3671.1,Fiber 300 plan,3
CUST-10114,2026-07-22,2166.62,Aura bottle 1L,2
CUST-10114,2026-07-24,7931.69,Cold-chain logger,4
CUST-10114,2026-07-28,3508.06,Trade desk seat,4
CUST-10114,2026-07-28,1354.07,Refill pack,1
CUST-10114,2026-08-06,2178.28,Servo drive kit,3
CUST-10114,2026-08-12,2285.39,Conveyor bearing 6205,2
CUST-10114,2026-08-24,3011.37,Analytics seat,3
CUST-10114,2026-08-27,2846.22,Fiber 300 plan,4
CUST-10115,2025-09-09,3446.52,Analytics seat,4
CUST-10115,2025-11-11,2131.87,Fiber 300 plan,3
CUST-10115,2026-04-02,6674.03,Aura bottle 1L,4
CUST-10116,2026-01-31,1644.25,Fiber 300 plan,2
CUST-10116,2026-04-10,1745.44,Aura bottle 1L,3
CUST-10116,2026-04-22,2478.92,Cold-chain logger,4
CUST-10116,2026-05-04,5178.09,Trade desk seat,4
CUST-10116,2026-06-09,1715.6,Refill pack,1
CUST-10116,2026-06-13,5092.91,Servo drive kit,4
CUST-10116,2026-08-11,710.51,Conveyor bearing 6205,1
CUST-10116,2026-08-25,3631.91,Analytics seat,3
CUST-10117,2026-02-17,1997.13,Aura bottle 1L,1
CUST-10117,2026-02-20,630.73,Cold-chain logger,1
CUST-10117,2026-04-16,1211.61,Trade desk seat,1
CUST-10117,2026-05-08,773.86,Refill pack,1
CUST-10117,2026-06-17,1447.11,Servo drive kit,2
CUST-10117,2026-06-26,2714.4,Conveyor bearing 6205,2
CUST-10117,2026-06-29,1172.39,Analytics seat,1
CUST-10117,2026-07-29,557.24,Fiber 300 plan,1
CUST-10117,2026-08-19,1298.72,Aura bottle 1L,1
CUST-10118,2024-08-22,860.24,Cold-chain logger,1
CUST-10118,2024-08-24,2833.54,Trade desk seat,3
CUST-10118,2024-11-11,779.53,Refill pack,1
CUST-10118,2025-02-25,1802.13,Servo drive kit,2
CUST-10118,2025-12-11,2825.37,Conveyor bearing 6205,3
CUST-10118,2025-12-25,1834.73,Analytics seat,2
CUST-10118,2026-05-10,2360.39,Fiber 300 plan,4
CUST-10119,2025-06-20,1396.51,Trade desk seat,2
CUST-10119,2025-08-01,1506.32,Refill pack,3
CUST-10119,2025-10-31,2289.73,Servo drive kit,2
CUST-10119,2025-12-03,2500.2,Conveyor bearing 6205,4
CUST-10119,2026-01-13,1504.74,Analytics seat,2
CUST-10119,2026-05-25,627.12,Fiber 300 plan,1
CUST-10120,2025-03-13,2610.97,Refill pack,4
CUST-10120,2025-08-06,2569.85,Servo drive kit,3
CUST-10120,2025-09-22,928.04,Conveyor bearing 6205,1
CUST-10120,2025-11-16,1610.06,Analytics seat,2
CUST-10120,2026-01-30,1237.35,Fiber 300 plan,1
CUST-10120,2026-07-11,3045.96,Aura bottle 1L,3
CUST-10120,2026-07-20,920.1,Cold-chain logger,1
CUST-10120,2026-08-21,2547.43,Trade desk seat,3
CUST-10121,2026-03-27,3447.8,Servo drive kit,4
CUST-10121,2026-04-06,542.74,Conveyor bearing 6205,1
CUST-10121,2026-07-07,513.93,Analytics seat,1
CUST-10121,2026-08-13,2343.51,Fiber 300 plan,3
CUST-10122,2025-09-11,1814.11,Conveyor bearing 6205,2
CUST-10122,2025-09-20,3193.12,Analytics seat,3
CUST-10122,2026-06-15,1914.46,Fiber 300 plan,2
CUST-10122,2026-08-27,2192.69,Aura bottle 1L,3
CUST-10123,2025-01-05,552.55,Analytics seat,1
CUST-10123,2025-03-14,1056.66,Fiber 300 plan,1
CUST-10123,2025-03-25,1841.87,Aura bottle 1L,2
CUST-10123,2025-03-26,1658.6,Cold-chain logger,1
CUST-10123,2025-06-16,3571.31,Trade desk seat,3
CUST-10123,2025-07-02,2202.18,Refill pack,2
CUST-10123,2025-09-17,3500.73,Servo drive kit,3
CUST-10123,2025-12-24,2355.5,Conveyor bearing 6205,2
CUST-10123,2026-02-01,2644.65,Analytics seat,2
CUST-10123,2026-03-28,3151.27,Fiber 300 plan,2
CUST-10123,2026-04-14,3352.13,Aura bottle 1L,4
CUST-10124,2026-03-30,2582.48,Fiber 300 plan,4
CUST-10124,2026-05-05,1169.76,Aura bottle 1L,1
CUST-10124,2026-05-08,1294.12,Cold-chain logger,3
CUST-10124,2026-06-20,5484.74,Trade desk seat,4
CUST-10124,2026-07-07,2007.68,Refill pack,2
CUST-10124,2026-07-17,2430.01,Servo drive kit,3
CUST-10124,2026-08-03,2071.58,Conveyor bearing 6205,3
CUST-10125,2026-05-29,2640.3,Aura bottle 1L,3
CUST-10125,2026-06-01,3003.33,Cold-chain logger,4
CUST-10125,2026-06-09,1695.53,Trade desk seat,2
CUST-10125,2026-06-12,1827.77,Refill pack,2
CUST-10125,2026-06-15,6641.69,Servo drive kit,4
CUST-10125,2026-06-17,1632.91,Conveyor bearing 6205,2
CUST-10125,2026-06-20,1592.08,Analytics seat,3
CUST-10125,2026-07-01,729.0,Fiber 300 plan,1
CUST-10125,2026-07-20,1437.88,Aura bottle 1L,1
CUST-10125,2026-07-27,2100.85,Cold-chain logger,3
CUST-10125,2026-08-11,2053.88,Trade desk seat,3
CUST-10126,2024-09-07,796.39,Cold-chain logger,1
CUST-10126,2025-05-26,986.71,Trade desk seat,2
CUST-10127,2025-08-19,1037.19,Trade desk seat,2
CUST-10127,2026-01-31,1641.25,Refill pack,3
CUST-10127,2026-06-06,1424.95,Servo drive kit,2
CUST-10128,2025-12-11,4281.56,Refill pack,3
CUST-10128,2025-12-16,1025.1,Servo drive kit,2
CUST-10128,2025-12-22,3688.22,Conveyor bearing 6205,4
CUST-10128,2025-12-27,5278.23,Analytics seat,4
CUST-10128,2026-01-07,3336.75,Fiber 300 plan,4
CUST-10128,2026-02-28,1002.32,Aura bottle 1L,1
CUST-10128,2026-04-23,1184.95,Cold-chain logger,2
CUST-10128,2026-04-25,1390.57,Trade desk seat,1
CUST-10128,2026-05-13,5707.08,Refill pack,4
CUST-10128,2026-06-18,6338.3,Servo drive kit,4
CUST-10128,2026-07-01,1358.84,Conveyor bearing 6205,1
CUST-10128,2026-07-19,2729.6,Analytics seat,4
CUST-10128,2026-07-20,3441.7,Fiber 300 plan,2
CUST-10129,2025-09-17,2003.72,Servo drive kit,4
CUST-10129,2025-10-04,1634.9,Conveyor bearing 6205,3
CUST-10129,2025-11-29,1502.88,Analytics seat,2
CUST-10129,2025-12-20,1158.88,Fiber 300 plan,2
CUST-10129,2026-02-06,718.34,Aura bottle 1L,1
CUST-10130,2025-07-19,1204.72,Conveyor bearing 6205,2
CUST-10130,2025-07-31,2256.66,Analytics seat,3
CUST-10130,2025-09-21,645.15,Fiber 300 plan,1
CUST-10130,2026-03-15,1913.0,Aura bottle 1L,2
CUST-10130,2026-05-23,1415.44,Cold-chain logger,3
CUST-10130,2026-06-11,461.87,Trade desk seat,1
CUST-10130,2026-07-28,2475.65,Refill pack,4
CUST-10130,2026-08-06,3660.38,Servo drive kit,4
CUST-10131,2026-04-08,1384.72,Analytics seat,2
CUST-10131,2026-05-24,1017.57,Fiber 300 plan,2
CUST-10131,2026-05-28,1817.28,Aura bottle 1L,2
CUST-10131,2026-06-06,2718.42,Cold-chain logger,4
CUST-10131,2026-06-21,1444.83,Trade desk seat,3
CUST-10131,2026-06-30,1292.25,Refill pack,3
CUST-10131,2026-08-13,2488.64,Servo drive kit,2
CUST-10132,2024-12-26,2754.59,Fiber 300 plan,2
CUST-10132,2025-01-02,3097.3,Aura bottle 1L,3
CUST-10132,2025-02-03,3659.41,Cold-chain logger,4
CUST-10132,2026-01-15,2106.86,Trade desk seat,3
CUST-10132,2026-01-17,632.61,Refill pack,1
CUST-10132,2026-06-07,1848.86,Servo drive kit,2
CUST-10132,2026-08-10,826.33,Conveyor bearing 6205,1
CUST-10133,2026-03-23,1373.32,Aura bottle 1L,2
CUST-10133,2026-06-16,541.03,Cold-chain logger,1
CUST-10134,2026-06-09,2070.4,Cold-chain logger,2
CUST-10134,2026-06-27,4087.08,Trade desk seat,3
CUST-10134,2026-07-05,945.81,Refill pack,1
CUST-10134,2026-07-08,2175.3,Servo drive kit,2
CUST-10134,2026-07-12,424.59,Conveyor bearing 6205,1
CUST-10134,2026-07-24,3382.24,Analytics seat,2
CUST-10134,2026-07-25,643.47,Fiber 300 plan,1
CUST-10134,2026-08-07,2018.97,Aura bottle 1L,1
CUST-10134,2026-08-11,3553.12,Cold-chain logger,4
CUST-10134,2026-08-17,2203.29,Trade desk seat,3
CUST-10134,2026-08-27,8195.38,Refill pack,4
CUST-10135,2025-05-14,1716.38,Trade desk seat,3
CUST-10135,2025-07-31,3330.14,Refill pack,4
CUST-10135,2025-08-10,3069.61,Servo drive kit,3
CUST-10135,2025-08-21,6005.74,Conveyor bearing 6205,2
CUST-10135,2025-09-08,2165.1,Analytics seat,3
CUST-10135,2026-01-24,5222.4,Fiber 300 plan,4
CUST-10135,2026-02-24,2103.25,Aura bottle 1L,2
CUST-10135,2026-04-15,1459.87,Cold-chain logger,2
CUST-10135,2026-06-02,3276.47,Trade desk seat,3
CUST-10135,2026-06-17,3540.11,Refill pack,3
CUST-10135,2026-08-22,1284.61,Servo drive kit,1
CUST-10135,2026-08-23,5842.26,Conveyor bearing 6205,4
CUST-10136,2025-10-30,1782.41,Refill pack,2
CUST-10136,2025-11-26,4463.68,Servo drive kit,4
CUST-10136,2026-02-28,5318.7,Conveyor bearing 6205,4
CUST-10136,2026-05-04,2252.89,Analytics seat,4
CUST-10136,2026-05-15,4014.91,Fiber 300 plan,2
CUST-10136,2026-05-24,1576.48,Aura bottle 1L,2
CUST-10136,2026-06-02,1441.12,Cold-chain logger,2
CUST-10136,2026-06-03,3311.29,Trade desk seat,3
CUST-10136,2026-06-07,3678.51,Refill pack,4
CUST-10136,2026-07-29,5283.43,Servo drive kit,4
CUST-10137,2024-05-03,3644.72,Servo drive kit,3
CUST-10137,2024-08-07,2638.9,Conveyor bearing 6205,2
CUST-10137,2024-10-05,2201.3,Analytics seat,2
CUST-10137,2025-05-02,2130.8,Fiber 300 plan,3
CUST-10137,2025-05-28,1869.36,Aura bottle 1L,2
CUST-10137,2026-04-01,759.18,Cold-chain logger,1
CUST-10137,2026-08-09,1787.22,Trade desk seat,1
CUST-10138,2025-05-27,2085.44,Conveyor bearing 6205,4
CUST-10138,2026-02-22,3912.63,Analytics seat,4
CUST-10138,2026-07-18,1175.0,Fiber 300 plan,1
CUST-10138,2026-07-23,3904.01,Aura bottle 1L,3
CUST-10139,2024-11-17,1371.13,Analytics seat,1
CUST-10139,2025-02-16,1326.18,Fiber 300 plan,1
CUST-10139,2025-10-03,1753.93,Aura bottle 1L,1
CUST-10139,2025-10-15,822.79,Cold-chain logger,1
CUST-10139,2025-10-19,1629.58,Trade desk seat,1
CUST-10139,2025-11-13,1331.4,Refill pack,1
CUST-10139,2025-12-11,2547.13,Servo drive kit,2
CUST-10139,2026-03-10,5116.4,Conveyor bearing 6205,4
CUST-10139,2026-06-17,2353.5,Analytics seat,4
CUST-10139,2026-07-12,3478.03,Fiber 300 plan,3
CUST-10139,2026-07-30,2361.62,Aura bottle 1L,3
CUST-10140,2026-05-04,3324.95,Fiber 300 plan,2
CUST-10140,2026-05-12,3661.72,Aura bottle 1L,4
CUST-10140,2026-05-23,2894.96,Cold-chain logger,2
CUST-10140,2026-06-19,3140.59,Trade desk seat,2
CUST-10140,2026-06-24,1618.66,Refill pack,2
CUST-10140,2026-06-30,1167.93,Servo drive kit,1
CUST-10140,2026-07-08,4582.13,Conveyor bearing 6205,3
CUST-10140,2026-07-10,1319.77,Analytics seat,2
CUST-10140,2026-07-11,2215.23,Fiber 300 plan,3
CUST-10140,2026-08-08,931.3,Aura bottle 1L,1
CUST-10141,2025-12-24,3961.15,Aura bottle 1L,3
CUST-10141,2026-04-04,537.01,Cold-chain logger,1
CUST-10141,2026-05-17,4730.39,Trade desk seat,4
CUST-10141,2026-05-18,871.83,Refill pack,1
CUST-10142,2025-06-14,2926.3,Cold-chain logger,4
CUST-10142,2025-11-08,2238.34,Trade desk seat,2
CUST-10142,2026-01-16,1276.09,Refill pack,3
CUST-10142,2026-04-08,2209.32,Servo drive kit,3
CUST-10142,2026-06-05,1576.9,Conveyor bearing 6205,2
CUST-10142,2026-06-27,2084.88,Analytics seat,3
CUST-10143,2025-07-28,1273.84,Trade desk seat,1
CUST-10143,2025-11-13,3761.07,Refill pack,2
CUST-10143,2026-01-09,2731.13,Servo drive kit,4
CUST-10143,2026-02-18,748.81,Conveyor bearing 6205,1
CUST-10143,2026-03-03,1268.71,Analytics seat,3
CUST-10143,2026-06-23,2689.87,Fiber 300 plan,3
CUST-10143,2026-07-20,5073.8,Aura bottle 1L,4
CUST-10144,2025-04-18,2101.93,Refill pack,2
CUST-10144,2025-05-17,1002.92,Servo drive kit,1
CUST-10144,2025-07-12,1979.27,Conveyor bearing 6205,2
CUST-10144,2025-10-08,3193.73,Analytics seat,3
CUST-10144,2026-06-22,2991.08,Fiber 300 plan,4
CUST-10144,2026-08-19,3710.21,Aura bottle 1L,4
CUST-10144,2026-08-22,2560.04,Cold-chain logger,3
CUST-10145,2024-06-01,882.58,Servo drive kit,1
CUST-10145,2024-09-19,3849.69,Conveyor bearing 6205,4
CUST-10145,2025-08-22,505.98,Analytics seat,1
CUST-10145,2025-10-17,4289.55,Fiber 300 plan,3
CUST-10145,2026-01-27,946.95,Aura bottle 1L,1
CUST-10145,2026-02-06,509.41,Cold-chain logger,1
CUST-10145,2026-07-26,2902.86,Trade desk seat,3
CUST-10146,2026-07-18,3213.9,Conveyor bearing 6205,4
CUST-10146,2026-08-14,4356.22,Analytics seat,4
CUST-10146,2026-08-27,2703.06,Fiber 300 plan,3
CUST-10147,2025-07-19,3047.79,Analytics seat,3
CUST-10147,2025-08-02,189.91,Fiber 300 plan,1
CUST-10147,2025-10-18,5180.82,Aura bottle 1L,3
CUST-10147,2026-01-05,877.72,Cold-chain logger,2
CUST-10147,2026-01-31,1003.43,Trade desk seat,3
CUST-10147,2026-05-16,2450.86,Refill pack,2
CUST-10147,2026-08-15,387.71,Servo drive kit,1
CUST-10148,2025-05-22,1975.87,Fiber 300 plan,3
CUST-10148,2025-09-18,2720.25,Aura bottle 1L,4
CUST-10148,2025-10-20,2836.37,Cold-chain logger,3
CUST-10148,2025-10-28,1485.17,Trade desk seat,2
CUST-10148,2025-12-22,2945.28,Refill pack,4
CUST-10148,2026-01-31,1392.84,Servo drive kit,3
CUST-10148,2026-02-19,2833.14,Conveyor bearing 6205,3
CUST-10148,2026-03-23,3335.95,Analytics seat,3
CUST-10148,2026-06-02,2742.98,Fiber 300 plan,4
CUST-10149,2025-06-28,2592.26,Aura bottle 1L,3
CUST-10149,2025-08-04,2363.48,Cold-chain logger,3
CUST-10149,2025-12-08,3020.11,Trade desk seat,3
CUST-10149,2026-01-14,993.32,Refill pack,4
CUST-10149,2026-07-23,7308.76,Servo drive kit,4
CUST-10150,2025-04-06,850.12,Cold-chain logger,1
CUST-10150,2025-10-15,388.96,Trade desk seat,1
CUST-10150,2025-10-28,1079.42,Refill pack,1
CUST-10150,2025-11-19,2157.16,Servo drive kit,2
CUST-10150,2025-12-11,890.09,Conveyor bearing 6205,1
CUST-10151,2025-11-17,2968.64,Trade desk seat,3
CUST-10151,2025-11-23,2975.16,Refill pack,2
CUST-10151,2026-01-04,3381.17,Servo drive kit,3
CUST-10151,2026-04-08,1050.62,Conveyor bearing 6205,1
CUST-10151,2026-04-29,4786.39,Analytics seat,3
CUST-10151,2026-05-02,1635.49,Fiber 300 plan,2
CUST-10151,2026-07-20,2355.38,Aura bottle 1L,4
CUST-10152,2024-10-14,4674.76,Refill pack,3
CUST-10152,2024-10-28,2838.26,Servo drive kit,3
CUST-10152,2025-01-15,4378.87,Conveyor bearing 6205,4
CUST-10152,2025-03-24,2105.0,Analytics seat,2
CUST-10152,2025-06-10,3535.99,Fiber 300 plan,4
CUST-10152,2025-08-18,731.36,Aura bottle 1L,1
CUST-10152,2026-04-19,3622.6,Cold-chain logger,4
CUST-10152,2026-06-12,2108.52,Trade desk seat,3
CUST-10153,2026-03-13,3852.0,Servo drive kit,3
CUST-10153,2026-04-01,2292.42,Conveyor bearing 6205,3
CUST-10153,2026-06-02,1101.9,Analytics seat,1
CUST-10153,2026-06-04,3885.05,Fiber 300 plan,4
CUST-10153,2026-07-20,930.41,Aura bottle 1L,2
CUST-10153,2026-08-21,2109.09,Cold-chain logger,3
CUST-10154,2025-05-08,3770.48,Conveyor bearing 6205,3
CUST-10154,2025-07-06,1476.38,Analytics seat,2
CUST-10154,2026-03-29,3292.56,Fiber 300 plan,4
CUST-10155,2024-09-02,954.39,Analytics seat,1
CUST-10155,2024-09-10,3925.28,Fiber 300 plan,4
CUST-10155,2024-11-20,3374.58,Aura bottle 1L,4
CUST-10155,2025-02-25,1718.07,Cold-chain logger,2
CUST-10155,2025-05-11,9659.24,Trade desk seat,4
CUST-10155,2025-10-12,1226.97,Refill pack,2
CUST-10155,2025-12-17,2675.72,Servo drive kit,4
CUST-10155,2026-07-11,901.93,Conveyor bearing 6205,1
CUST-10155,2026-08-25,2300.24,Analytics seat,2
CUST-10156,2024-07-06,2811.83,Fiber 300 plan,3
CUST-10156,2024-07-07,2700.17,Aura bottle 1L,2
CUST-10156,2024-07-19,1216.8,Cold-chain logger,1
CUST-10156,2024-08-29,2535.32,Trade desk seat,3
CUST-10156,2024-09-12,2101.15,Refill pack,3
CUST-10156,2024-10-18,1795.66,Servo drive kit,1
CUST-10156,2025-10-08,2135.0,Conveyor bearing 6205,3
CUST-10156,2025-10-15,4064.02,Analytics seat,2
CUST-10156,2025-12-10,2267.03,Fiber 300 plan,1
CUST-10156,2026-08-05,1782.95,Aura bottle 1L,1
CUST-10157,2025-08-21,2075.09,Aura bottle 1L,2
CUST-10157,2025-10-03,2456.15,Cold-chain logger,3
CUST-10157,2026-03-04,5379.54,Trade desk seat,4
CUST-10158,2025-11-23,500.56,Cold-chain logger,1
CUST-10158,2026-01-03,3699.04,Trade desk seat,3
CUST-10158,2026-02-04,1642.96,Refill pack,2
CUST-10158,2026-02-14,1868.92,Servo drive kit,4
CUST-10158,2026-06-02,1614.92,Conveyor bearing 6205,3
CUST-10158,2026-08-08,2106.02,Analytics seat,2
CUST-10159,2024-12-31,4363.64,Trade desk seat,3
CUST-10159,2025-02-21,2057.97,Refill pack,2
CUST-10159,2025-02-25,1890.37,Servo drive kit,2
CUST-10159,2025-04-03,2861.37,Conveyor bearing 6205,4
CUST-10159,2025-04-05,4206.1,Analytics seat,4
CUST-10159,2025-04-16,5451.28,Fiber 300 plan,4
CUST-10159,2025-05-16,1505.23,Aura bottle 1L,2
CUST-10159,2025-12-23,1002.12,Cold-chain logger,1
CUST-10159,2025-12-31,906.39,Trade desk seat,1
CUST-10159,2026-02-23,1603.9,Refill pack,2
CUST-10159,2026-04-11,3885.48,Servo drive kit,3
CUST-10159,2026-05-18,1932.8,Conveyor bearing 6205,1
CUST-10159,2026-06-11,2725.14,Analytics seat,2
CUST-10160,2026-02-21,2319.95,Refill pack,4
CUST-10160,2026-05-01,1878.13,Servo drive kit,4
CUST-10160,2026-06-11,1967.17,Conveyor bearing 6205,3
CUST-10160,2026-06-21,867.45,Analytics seat,1
CUST-10160,2026-07-23,4210.16,Fiber 300 plan,4
CUST-10161,2025-01-09,1058.84,Servo drive kit,1
CUST-10161,2025-01-25,693.6,Conveyor bearing 6205,1
CUST-10161,2025-04-05,457.75,Analytics seat,1
CUST-10161,2025-10-01,1000.27,Fiber 300 plan,1
CUST-10161,2026-05-06,3580.05,Aura bottle 1L,3
CUST-10162,2025-01-15,1124.53,Conveyor bearing 6205,1
CUST-10162,2025-02-04,3256.18,Analytics seat,4
CUST-10162,2025-03-30,860.67,Fiber 300 plan,1
CUST-10162,2025-07-10,5369.08,Aura bottle 1L,3
CUST-10162,2025-07-26,5143.79,Cold-chain logger,4
CUST-10162,2025-09-24,799.94,Trade desk seat,2
CUST-10162,2026-03-03,2108.93,Refill pack,1
CUST-10162,2026-05-25,3236.04,Servo drive kit,2
CUST-10162,2026-05-27,2734.56,Conveyor bearing 6205,3
CUST-10162,2026-06-02,2003.99,Analytics seat,3
CUST-10163,2025-12-16,1090.96,Analytics seat,1
CUST-10163,2026-01-04,1452.14,Fiber 300 plan,3
CUST-10163,2026-01-12,605.2,Aura bottle 1L,1
CUST-10163,2026-02-06,1900.21,Cold-chain logger,3
CUST-10163,2026-02-17,4243.82,Trade desk seat,4
CUST-10163,2026-03-05,1975.21,Refill pack,4
CUST-10163,2026-06-12,520.96,Servo drive kit,1
CUST-10163,2026-07-18,520.21,Conveyor bearing 6205,1
CUST-10163,2026-08-07,1833.83,Analytics seat,2
CUST-10164,2024-04-30,787.23,Fiber 300 plan,1
CUST-10164,2024-08-29,1432.87,Aura bottle 1L,1
CUST-10164,2024-10-09,1447.41,Cold-chain logger,1
CUST-10164,2025-01-10,2075.96,Trade desk seat,3
CUST-10164,2025-07-24,3519.59,Refill pack,2
CUST-10164,2025-08-08,3044.7,Servo drive kit,3
CUST-10164,2026-03-19,2398.78,Conveyor bearing 6205,2
CUST-10164,2026-05-13,5308.13,Analytics seat,4
CUST-10165,2026-03-17,12654.17,Aura bottle 1L,4
CUST-10165,2026-04-24,3073.91,Cold-chain logger,3
CUST-10165,2026-05-17,2771.65,Trade desk seat,2
CUST-10165,2026-05-21,6010.85,Refill pack,4
CUST-10165,2026-06-14,2009.46,Servo drive kit,4
CUST-10165,2026-06-14,7883.88,Conveyor bearing 6205,3
CUST-10166,2024-07-06,9291.31,Cold-chain logger,4
CUST-10166,2024-10-10,3950.31,Trade desk seat,4
CUST-10166,2024-12-02,6942.23,Refill pack,4
CUST-10166,2025-01-05,5437.34,Servo drive kit,4
CUST-10166,2025-02-28,6837.8,Conveyor bearing 6205,4
CUST-10166,2025-05-01,1236.62,Analytics seat,1
CUST-10166,2025-08-30,1351.55,Fiber 300 plan,1
CUST-10166,2025-12-28,4409.46,Aura bottle 1L,2
CUST-10166,2026-01-07,1090.86,Cold-chain logger,1
CUST-10166,2026-01-26,807.88,Trade desk seat,1
CUST-10166,2026-06-24,3138.49,Refill pack,2
CUST-10167,2025-12-04,939.49,Trade desk seat,1
CUST-10167,2026-01-10,703.67,Refill pack,1
CUST-10167,2026-05-05,1933.03,Servo drive kit,1
CUST-10167,2026-05-08,6458.21,Conveyor bearing 6205,4
CUST-10167,2026-06-24,2629.94,Analytics seat,3
CUST-10167,2026-06-29,1210.98,Fiber 300 plan,1
CUST-10167,2026-07-01,5596.51,Aura bottle 1L,4
CUST-10167,2026-07-29,5458.74,Cold-chain logger,4
CUST-10168,2025-12-25,502.95,Refill pack,1
CUST-10168,2026-02-23,3948.49,Servo drive kit,4
CUST-10168,2026-02-27,831.05,Conveyor bearing 6205,1
CUST-10168,2026-03-15,1949.43,Analytics seat,2
CUST-10168,2026-06-17,3395.05,Fiber 300 plan,4
CUST-10168,2026-07-23,2338.51,Aura bottle 1L,3
CUST-10168,2026-08-13,1281.88,Cold-chain logger,1
CUST-10169,2025-07-21,5073.01,Servo drive kit,3
CUST-10169,2025-11-22,2817.9,Conveyor bearing 6205,2
CUST-10169,2026-02-07,3105.28,Analytics seat,2
CUST-10169,2026-06-26,3668.17,Fiber 300 plan,4
CUST-10169,2026-07-02,2154.03,Aura bottle 1L,2
CUST-10169,2026-08-14,936.35,Cold-chain logger,1
CUST-10169,2026-08-15,4529.99,Trade desk seat,4
CUST-10170,2026-03-11,668.68,Conveyor bearing 6205,1
CUST-10170,2026-03-11,4185.24,Analytics seat,4
CUST-10170,2026-05-21,2141.58,Fiber 300 plan,2
CUST-10170,2026-06-23,692.29,Aura bottle 1L,1
CUST-10171,2025-10-18,10153.27,Analytics seat,4
CUST-10171,2025-11-03,1008.58,Fiber 300 plan,1
CUST-10171,2025-12-10,2678.96,Aura bottle 1L,2
CUST-10171,2025-12-31,2967.66,Cold-chain logger,3
CUST-10171,2026-03-12,2278.19,Trade desk seat,3
CUST-10171,2026-05-28,3033.14,Refill pack,4
CUST-10171,2026-05-29,2996.19,Servo drive kit,4
CUST-10171,2026-06-21,2723.41,Conveyor bearing 6205,3
CUST-10171,2026-06-26,1455.65,Analytics seat,3
CUST-10171,2026-07-02,637.58,Fiber 300 plan,1
CUST-10171,2026-07-10,2797.5,Aura bottle 1L,4
CUST-10171,2026-07-22,1028.5,Cold-chain logger,1
CUST-10171,2026-08-07,5532.36,Trade desk seat,4
CUST-10171,2026-08-12,2772.6,Refill pack,2
CUST-10172,2025-05-29,1886.61,Fiber 300 plan,2
CUST-10172,2025-06-02,1028.68,Aura bottle 1L,2
CUST-10172,2025-06-05,2422.98,Cold-chain logger,3
CUST-10172,2025-06-21,5883.01,Trade desk seat,4
CUST-10172,2025-07-19,1424.41,Refill pack,1
CUST-10172,2025-10-15,2655.62,Servo drive kit,4
CUST-10172,2025-10-17,612.24,Conveyor bearing 6205,1
CUST-10172,2025-11-12,738.91,Analytics seat,1
CUST-10172,2025-11-17,3183.58,Fiber 300 plan,2
CUST-10172,2025-11-18,1265.59,Aura bottle 1L,2
CUST-10172,2025-11-30,1841.75,Cold-chain logger,2
CUST-10172,2025-12-03,1160.9,Trade desk seat,1
CUST-10173,2025-11-22,986.16,Aura bottle 1L,1
CUST-10173,2025-11-26,1410.56,Cold-chain logger,1
CUST-10173,2026-01-04,2338.71,Trade desk seat,3
CUST-10173,2026-01-27,1963.83,Refill pack,3
CUST-10173,2026-01-31,6299.28,Servo drive kit,4
CUST-10173,2026-02-18,748.18,Conveyor bearing 6205,1
CUST-10173,2026-02-26,2762.34,Analytics seat,3
CUST-10173,2026-02-27,877.9,Fiber 300 plan,1
CUST-10173,2026-04-03,2384.7,Aura bottle 1L,3
CUST-10173,2026-04-16,1079.14,Cold-chain logger,1
CUST-10173,2026-04-26,2536.58,Trade desk seat,3
CUST-10173,2026-04-29,1200.87,Refill pack,2
CUST-10173,2026-05-07,2954.44,Servo drive kit,3
CUST-10173,2026-06-07,856.37,Conveyor bearing 6205,1
CUST-10174,2024-09-27,1401.79,Cold-chain logger,1
CUST-10174,2025-01-13,767.07,Trade desk seat,1
CUST-10174,2025-01-23,2980.18,Refill pack,3
CUST-10174,2025-05-07,2091.64,Servo drive kit,3
CUST-10174,2025-07-21,1779.03,Conveyor bearing 6205,3
CUST-10174,2025-09-29,842.64,Analytics seat,1
CUST-10174,2025-10-28,2011.16,Fiber 300 plan,2
CUST-10174,2026-02-10,1278.22,Aura bottle 1L,1
CUST-10174,2026-03-15,3924.58,Cold-chain logger,2
CUST-10174,2026-06-21,1240.3,Trade desk seat,2
CUST-10174,2026-08-07,2599.94,Refill pack,4
CUST-10175,2025-11-30,3883.62,Trade desk seat,4
CUST-10175,2025-12-05,1449.55,Refill pack,1
CUST-10175,2025-12-31,6644.27,Servo drive kit,4
CUST-10175,2026-01-29,950.35,Conveyor bearing 6205,1
CUST-10175,2026-02-08,1665.62,Analytics seat,2
CUST-10175,2026-02-16,1547.87,Fiber 300 plan,2
CUST-10175,2026-03-01,2818.6,Aura bottle 1L,3
CUST-10175,2026-03-07,4779.97,Cold-chain logger,4
CUST-10175,2026-03-26,4309.61,Trade desk seat,4
CUST-10175,2026-03-31,5584.52,Refill pack,3
CUST-10175,2026-04-16,1784.45,Servo drive kit,2
CUST-10176,2025-10-07,2670.58,Refill pack,2
CUST-10176,2025-10-16,2793.52,Servo drive kit,3
CUST-10176,2025-10-22,5407.63,Conveyor bearing 6205,4
CUST-10176,2026-01-18,1602.63,Analytics seat,2
CUST-10176,2026-02-12,3921.47,Fiber 300 plan,3
CUST-10176,2026-04-04,2514.77,Aura bottle 1L,2
CUST-10176,2026-05-02,1807.98,Cold-chain logger,2
CUST-10176,2026-05-06,1944.86,Trade desk seat,1
CUST-10176,2026-05-31,7282.85,Refill pack,4
CUST-10176,2026-06-03,3700.52,Servo drive kit,4
CUST-10176,2026-06-25,2861.7,Conveyor bearing 6205,3
CUST-10176,2026-07-20,936.2,Analytics seat,1
CUST-10176,2026-08-01,2547.55,Fiber 300 plan,3
CUST-10177,2025-09-12,2414.21,Servo drive kit,3
CUST-10177,2025-09-21,1576.82,Conveyor bearing 6205,3
CUST-10177,2025-10-12,6190.78,Analytics seat,4
CUST-10177,2025-11-02,5252.53,Fiber 300 plan,4
CUST-10177,2026-02-24,3483.06,Aura bottle 1L,4
CUST-10177,2026-03-02,3449.38,Cold-chain logger,3
CUST-10177,2026-03-12,3103.93,Trade desk seat,4
CUST-10177,2026-04-21,697.04,Refill pack,1
CUST-10177,2026-07-01,3580.92,Servo drive kit,3
CUST-10177,2026-08-01,3082.33,Conveyor bearing 6205,3
CUST-10178,2025-10-31,3990.73,Conveyor bearing 6205,3
CUST-10178,2025-11-21,1004.5,Analytics seat,1
CUST-10178,2026-02-26,3839.32,Fiber 300 plan,3
CUST-10178,2026-04-07,923.73,Aura bottle 1L,1
CUST-10178,2026-04-10,1053.36,Cold-chain logger,3
CUST-10178,2026-04-21,6404.59,Trade desk seat,4
CUST-10178,2026-04-26,7942.57,Refill pack,4
CUST-10178,2026-06-03,2038.85,Servo drive kit,2
CUST-10178,2026-08-03,2656.82,Conveyor bearing 6205,3
CUST-10178,2026-08-20,3089.42,Analytics seat,3
CUST-10179,2026-04-01,1623.86,Analytics seat,2
CUST-10179,2026-04-12,1859.5,Fiber 300 plan,2
CUST-10179,2026-05-10,612.4,Aura bottle 1L,1
CUST-10179,2026-05-21,1734.54,Cold-chain logger,2
CUST-10179,2026-06-22,607.99,Trade desk seat,1
CUST-10179,2026-08-05,3081.89,Refill pack,4
CUST-10179,2026-08-10,2442.32,Servo drive kit,2
CUST-10179,2026-08-19,1700.87,Conveyor bearing 6205,2
CUST-10179,2026-08-21,3628.81,Analytics seat,4
CUST-10180,2025-12-18,1951.02,Fiber 300 plan,4
CUST-10180,2026-03-12,857.24,Aura bottle 1L,2
CUST-10180,2026-07-03,2108.93,Cold-chain logger,4
CUST-10180,2026-07-17,1476.72,Trade desk seat,2
CUST-10181,2025-04-29,1643.06,Aura bottle 1L,2
CUST-10181,2025-07-04,3137.09,Cold-chain logger,4
CUST-10181,2025-07-29,1097.11,Trade desk seat,1
CUST-10181,2026-05-11,1651.21,Refill pack,2
CUST-10181,2026-05-16,1161.31,Servo drive kit,3
CUST-10181,2026-08-10,1634.32,Conveyor bearing 6205,2
CUST-10182,2024-11-24,700.16,Cold-chain logger,1
CUST-10182,2025-03-06,1624.53,Trade desk seat,3
CUST-10182,2025-04-29,920.18,Refill pack,1
CUST-10182,2025-09-10,468.05,Servo drive kit,1
CUST-10182,2025-09-27,2427.02,Conveyor bearing 6205,4
CUST-10182,2025-10-06,2902.7,Analytics seat,4
CUST-10182,2025-10-26,3998.19,Fiber 300 plan,4
CUST-10182,2025-11-02,889.97,Aura bottle 1L,2
CUST-10183,2024-09-17,4069.38,Trade desk seat,3
CUST-10183,2025-06-27,8182.25,Refill pack,4
CUST-10183,2025-10-02,1167.69,Servo drive kit,1
CUST-10183,2025-11-20,3868.99,Conveyor bearing 6205,4
CUST-10183,2025-11-23,2972.19,Analytics seat,4
CUST-10183,2026-01-20,2557.87,Fiber 300 plan,3
CUST-10183,2026-05-31,6673.95,Aura bottle 1L,4
CUST-10183,2026-06-02,4751.19,Cold-chain logger,4
CUST-10183,2026-08-15,5097.53,Trade desk seat,3
CUST-10183,2026-08-26,4604.83,Refill pack,2
CUST-10184,2025-12-30,1968.27,Refill pack,2
CUST-10184,2026-03-02,5033.99,Servo drive kit,4
CUST-10184,2026-03-07,2503.13,Conveyor bearing 6205,3
CUST-10184,2026-03-18,2370.71,Analytics seat,2
CUST-10184,2026-04-26,3393.74,Fiber 300 plan,4
CUST-10184,2026-04-27,2801.57,Aura bottle 1L,4
CUST-10184,2026-05-02,3518.65,Cold-chain logger,3
CUST-10184,2026-05-03,1213.13,Trade desk seat,2
CUST-10184,2026-05-21,1455.18,Refill pack,3
CUST-10184,2026-05-21,1444.83,Servo drive kit,2
CUST-10184,2026-05-22,3928.07,Conveyor bearing 6205,4
CUST-10184,2026-06-05,2213.09,Analytics seat,4
CUST-10184,2026-07-21,861.07,Fiber 300 plan,1
CUST-10185,2026-03-02,3543.35,Servo drive kit,3
CUST-10185,2026-03-10,2505.9,Conveyor bearing 6205,4
CUST-10185,2026-06-20,4370.57,Analytics seat,4
CUST-10185,2026-06-22,4005.76,Fiber 300 plan,3
CUST-10185,2026-07-01,1683.72,Aura bottle 1L,2
CUST-10185,2026-07-27,2552.81,Cold-chain logger,3
CUST-10185,2026-08-25,4487.34,Trade desk seat,4
CUST-10186,2024-10-01,1015.86,Conveyor bearing 6205,1
CUST-10186,2024-12-13,2728.13,Analytics seat,3
CUST-10186,2025-01-30,1138.42,Fiber 300 plan,1
CUST-10186,2025-08-26,957.0,Aura bottle 1L,1
CUST-10186,2025-12-14,1689.28,Cold-chain logger,1
CUST-10186,2026-01-01,1717.78,Trade desk seat,2
CUST-10186,2026-06-18,1601.3,Refill pack,2
CUST-10186,2026-06-18,760.79,Servo drive kit,1
CUST-10186,2026-07-09,4398.55,Conveyor bearing 6205,3
CUST-10186,2026-08-05,4218.08,Analytics seat,4
CUST-10187,2024-07-25,3545.53,Analytics seat,3
CUST-10187,2024-11-18,709.45,Fiber 300 plan,1
CUST-10187,2025-03-21,3256.48,Aura bottle 1L,4
CUST-10187,2025-04-08,609.28,Cold-chain logger,1
CUST-10187,2025-08-21,3127.6,Trade desk seat,4
CUST-10187,2025-10-19,1295.83,Refill pack,2
CUST-10187,2025-10-30,523.12,Servo drive kit,1
CUST-10187,2026-06-28,2382.16,Conveyor bearing 6205,3
CUST-10187,2026-07-14,1331.34,Analytics seat,2
CUST-10188,2025-09-17,3089.14,Fiber 300 plan,3
CUST-10188,2025-09-27,3046.49,Aura bottle 1L,3
CUST-10188,2025-10-15,4804.24,Cold-chain logger,4
CUST-10188,2025-11-17,2492.05,Trade desk seat,4
CUST-10188,2026-02-10,2963.21,Refill pack,4
CUST-10188,2026-02-23,2532.31,Servo drive kit,3
CUST-10188,2026-05-01,2719.07,Conveyor bearing 6205,3
CUST-10189,2025-11-07,7185.56,Aura bottle 1L,4
CUST-10189,2025-12-27,3607.28,Cold-chain logger,4
CUST-10189,2025-12-28,2211.01,Trade desk seat,2
CUST-10189,2026-01-06,1060.66,Refill pack,1
CUST-10189,2026-01-25,1783.73,Servo drive kit,2
CUST-10189,2026-02-13,1963.17,Conveyor bearing 6205,2
CUST-10189,2026-03-08,3957.14,Analytics seat,4
CUST-10189,2026-05-01,782.47,Fiber 300 plan,1
CUST-10189,2026-05-25,3178.05,Aura bottle 1L,4
CUST-10189,2026-06-24,1899.83,Cold-chain logger,2
CUST-10189,2026-08-08,1655.05,Trade desk seat,2
CUST-10189,2026-08-24,511.26,Refill pack,1
CUST-10190,2026-05-27,6448.84,Cold-chain logger,3
CUST-10190,2026-05-28,5160.35,Trade desk seat,3
CUST-10190,2026-06-21,1951.54,Refill pack,1
CUST-10190,2026-07-07,909.4,Servo drive kit,1
CUST-10190,2026-07-08,1501.37,Conveyor bearing 6205,2
CUST-10190,2026-07-11,1361.04,Analytics seat,1
CUST-10190,2026-07-27,1005.97,Fiber 300 plan,1
CUST-10190,2026-07-29,3927.76,Aura bottle 1L,3
CUST-10190,2026-07-31,1125.06,Cold-chain logger,2
CUST-10190,2026-08-06,3814.79,Trade desk seat,4
CUST-10190,2026-08-15,1298.38,Refill pack,1
CUST-10191,2024-12-13,2179.11,Trade desk seat,3
CUST-10191,2024-12-31,3715.29,Refill pack,3
CUST-10191,2025-01-11,1078.81,Servo drive kit,1
CUST-10191,2025-02-01,2723.4,Conveyor bearing 6205,3
CUST-10191,2025-02-22,819.07,Analytics seat,1
CUST-10191,2025-02-24,1097.27,Fiber 300 plan,2
CUST-10191,2025-06-12,1954.16,Aura bottle 1L,3
CUST-10191,2025-09-10,3865.64,Cold-chain logger,4
CUST-10191,2026-06-16,3399.35,Trade desk seat,4
CUST-10191,2026-07-19,2066.05,Refill pack,2
CUST-10191,2026-08-16,2588.25,Servo drive kit,4
CUST-10192,2025-01-16,3859.31,Refill pack,3
CUST-10192,2025-04-25,2038.22,Servo drive kit,3
CUST-10192,2025-04-27,1329.8,Conveyor bearing 6205,1
CUST-10192,2025-09-08,760.2,Analytics seat,1
CUST-10192,2025-10-06,4238.84,Fiber 300 plan,4
CUST-10192,2026-01-13,1697.42,Aura bottle 1L,2
CUST-10192,2026-02-11,5164.33,Cold-chain logger,4
CUST-10192,2026-05-08,5458.51,Trade desk seat,4
CUST-10192,2026-07-22,5245.33,Refill pack,4
CUST-10193,2025-04-07,870.02,Servo drive kit,1
CUST-10193,2026-03-28,3709.38,Conveyor bearing 6205,4
CUST-10193,2026-05-04,1303.7,Analytics seat,2
CUST-10194,2025-04-05,625.94,Conveyor bearing 6205,1
CUST-10194,2025-04-12,1264.21,Analytics seat,2
CUST-10194,2025-05-02,2326.93,Fiber 300 plan,2
CUST-10194,2025-07-16,920.56,Aura bottle 1L,1
CUST-10194,2025-09-29,2627.14,Cold-chain logger,3
CUST-10194,2025-10-12,3163.18,Trade desk seat,4
CUST-10194,2025-10-19,3278.51,Refill pack,3
CUST-10194,2025-10-20,3858.24,Servo drive kit,4
CUST-10194,2025-10-28,1468.83,Conveyor bearing 6205,3
CUST-10194,2025-12-13,2836.68,Analytics seat,3
CUST-10194,2026-08-04,1926.96,Fiber 300 plan,2
CUST-10195,2024-12-21,1383.52,Analytics seat,2
CUST-10195,2025-03-13,3752.19,Fiber 300 plan,3
CUST-10195,2025-05-25,1041.03,Aura bottle 1L,1
CUST-10195,2025-05-30,3985.31,Cold-chain logger,3
CUST-10195,2025-11-11,3721.9,Trade desk seat,3
CUST-10195,2025-12-20,1180.58,Refill pack,1
CUST-10195,2026-03-23,2848.68,Servo drive kit,2
CUST-10195,2026-05-13,3577.6,Conveyor bearing 6205,3
CUST-10195,2026-05-16,4171.54,Analytics seat,4
CUST-10195,2026-07-03,2859.01,Fiber 300 plan,3
CUST-10196,2025-04-11,4824.86,Fiber 300 plan,4
CUST-10196,2025-04-14,2480.6,Aura bottle 1L,4
CUST-10196,2025-07-08,3750.41,Cold-chain logger,2
CUST-10196,2026-03-02,4206.93,Trade desk seat,3
CUST-10196,2026-05-03,978.66,Refill pack,1
CUST-10197,2026-02-24,2059.58,Aura bottle 1L,3
CUST-10197,2026-03-20,2925.7,Cold-chain logger,3
CUST-10197,2026-05-13,1367.5,Trade desk seat,2
CUST-10197,2026-06-26,3369.28,Refill pack,4
CUST-10197,2026-07-04,561.01,Servo drive kit,1
CUST-10197,2026-07-06,2508.63,Conveyor bearing 6205,3
CUST-10198,2025-11-18,2936.59,Cold-chain logger,4
CUST-10198,2025-12-07,2653.33,Trade desk seat,2
CUST-10198,2025-12-18,1427.47,Refill pack,2
CUST-10198,2025-12-21,2401.12,Servo drive kit,3
CUST-10198,2026-02-04,3694.98,Conveyor bearing 6205,4
CUST-10198,2026-03-27,1517.75,Analytics seat,2
CUST-10198,2026-04-10,4097.06,Fiber 300 plan,2
CUST-10198,2026-05-06,1041.38,Aura bottle 1L,1
CUST-10198,2026-05-28,1390.67,Cold-chain logger,1
CUST-10198,2026-06-08,2348.55,Trade desk seat,3
CUST-10199,2026-06-02,3896.71,Trade desk seat,3
CUST-10199,2026-06-07,955.42,Refill pack,1
CUST-10199,2026-06-11,1328.42,Servo drive kit,3
CUST-10199,2026-06-18,3200.44,Conveyor bearing 6205,3
CUST-10199,2026-08-04,895.19,Analytics seat,1
CUST-10199,2026-08-24,1375.86,Fiber 300 plan,2
CUST-10200,2025-08-12,1496.94,Refill pack,3
CUST-10200,2025-10-15,991.92,Servo drive kit,2
CUST-10200,2026-01-03,494.66,Conveyor bearing 6205,1
CUST-10200,2026-02-16,4063.07,Analytics seat,4
CUST-10200,2026-05-18,2070.58,Fiber 300 plan,3
CUST-10200,2026-07-20,1695.51,Aura bottle 1L,2
CUST-10201,2025-06-15,855.82,Servo drive kit,1
CUST-10201,2025-08-28,1446.66,Conveyor bearing 6205,2
CUST-10201,2025-09-28,2409.24,Analytics seat,3
CUST-10201,2025-10-18,846.25,Fiber 300 plan,1
CUST-10201,2025-10-26,2371.38,Aura bottle 1L,4
CUST-10201,2025-11-16,2396.62,Cold-chain logger,4
CUST-10201,2025-11-19,854.39,Trade desk seat,1
CUST-10201,2026-02-11,959.77,Refill pack,1
CUST-10201,2026-04-06,817.8,Servo drive kit,1
CUST-10201,2026-07-30,804.97,Conveyor bearing 6205,1
CUST-10202,2024-10-13,4485.96,Conveyor bearing 6205,4
CUST-10202,2024-10-25,2541.71,Analytics seat,2
CUST-10202,2024-12-09,777.13,Fiber 300 plan,1
CUST-10202,2024-12-21,2767.67,Aura bottle 1L,2
CUST-10202,2025-02-04,2593.42,Cold-chain logger,3
CUST-10202,2025-02-28,1352.15,Trade desk seat,1
CUST-10202,2025-05-11,2249.16,Refill pack,3
CUST-10202,2025-05-15,1754.39,Servo drive kit,1
CUST-10202,2025-05-17,3251.49,Conveyor bearing 6205,3
CUST-10202,2025-08-22,3411.24,Analytics seat,3
CUST-10202,2025-09-02,1878.05,Fiber 300 plan,1
CUST-10202,2025-09-23,2148.79,Aura bottle 1L,2
CUST-10202,2025-10-18,2727.51,Cold-chain logger,2
CUST-10202,2026-01-01,4838.11,Trade desk seat,3
CUST-10202,2026-05-23,1852.56,Refill pack,2
CUST-10202,2026-07-24,4529.23,Servo drive kit,2
CUST-10202,2026-08-25,1189.29,Conveyor bearing 6205,1
CUST-10203,2025-04-08,2995.34,Analytics seat,4
CUST-10203,2025-05-11,658.4,Fiber 300 plan,1
CUST-10203,2025-05-27,799.77,Aura bottle 1L,1
CUST-10203,2025-06-23,1388.48,Cold-chain logger,2
CUST-10203,2025-10-18,3844.98,Trade desk seat,4
CUST-10203,2025-12-15,4182.85,Refill pack,4
CUST-10203,2025-12-28,654.47,Servo drive kit,1
CUST-10203,2026-01-31,819.04,Conveyor bearing 6205,1
CUST-10203,2026-02-10,2730.57,Analytics seat,2
CUST-10203,2026-03-18,1434.74,Fiber 300 plan,3
CUST-10203,2026-04-13,2584.8,Aura bottle 1L,4
CUST-10203,2026-05-30,1482.44,Cold-chain logger,3
CUST-10203,2026-06-22,2989.74,Trade desk seat,3
CUST-10203,2026-06-27,2711.32,Refill pack,4
CUST-10204,2026-04-03,1914.0,Fiber 300 plan,3
CUST-10204,2026-04-16,2357.78,Aura bottle 1L,3
CUST-10204,2026-07-15,1850.08,Cold-chain logger,2
CUST-10204,2026-07-30,748.91,Trade desk seat,1
CUST-10204,2026-08-19,3343.0,Refill pack,3
CUST-10205,2024-10-02,1560.02,Aura bottle 1L,2
CUST-10205,2025-02-04,2404.05,Cold-chain logger,2
CUST-10205,2025-02-11,932.58,Trade desk seat,2
CUST-10205,2025-05-17,2287.84,Refill pack,3
CUST-10205,2025-11-09,2576.76,Servo drive kit,3
CUST-10205,2026-02-17,428.83,Conveyor bearing 6205,1
CUST-10206,2025-02-04,3198.09,Cold-chain logger,4
CUST-10206,2025-02-15,2901.89,Trade desk seat,4
CUST-10206,2025-03-08,1975.86,Refill pack,3
CUST-10206,2025-05-29,4182.02,Servo drive kit,2
CUST-10206,2025-09-17,1344.81,Conveyor bearing 6205,2
CUST-10206,2025-10-11,2073.76,Analytics seat,3
CUST-10206,2026-02-20,2079.26,Fiber 300 plan,4
CUST-10206,2026-04-30,3831.02,Aura bottle 1L,4
CUST-10207,2024-10-16,1173.68,Trade desk seat,1
CUST-10207,2024-11-07,2608.55,Refill pack,2
CUST-10207,2024-11-22,1648.33,Servo drive kit,3
CUST-10207,2024-12-28,1794.88,Conveyor bearing 6205,3
CUST-10207,2025-02-15,4279.39,Analytics seat,4
CUST-10207,2025-04-02,822.62,Fiber 300 plan,1
CUST-10207,2025-04-10,1015.33,Aura bottle 1L,1
CUST-10207,2025-06-06,1412.81,Cold-chain logger,3
CUST-10207,2025-11-24,2426.73,Trade desk seat,3
CUST-10207,2026-01-09,352.3,Refill pack,1
CUST-10207,2026-04-01,2759.59,Servo drive kit,4
CUST-10207,2026-06-28,1379.5,Conveyor bearing 6205,1
CUST-10208,2024-09-15,4247.08,Refill pack,2
CUST-10208,2024-12-17,2521.64,Servo drive kit,4
CUST-10208,2025-02-01,5472.68,Conveyor bearing 6205,4
CUST-10208,2025-03-15,832.07,Analytics seat,1
CUST-10208,2025-03-28,2613.44,Fiber 300 plan,3
CUST-10208,2025-11-15,3315.59,Aura bottle 1L,3
CUST-10208,2025-12-31,1046.03,Cold-chain logger,1
CUST-10208,2026-01-08,2727.62,Trade desk seat,2
CUST-10208,2026-04-21,14590.38,Refill pack,4
CUST-10208,2026-05-31,923.04,Servo drive kit,1
CUST-10208,2026-08-06,1131.93,Conveyor bearing 6205,2
CUST-10209,2025-08-24,1135.72,Servo drive kit,2
CUST-10209,2025-09-22,2087.84,Conveyor bearing 6205,4
CUST-10209,2026-06-10,3661.34,Analytics seat,4
CUST-10210,2025-08-06,1041.6,Conveyor bearing 6205,1
CUST-10210,2025-09-04,2908.68,Analytics seat,3
CUST-10210,2025-09-26,1318.42,Fiber 300 plan,1
CUST-10210,2025-11-16,1211.29,Aura bottle 1L,1
CUST-10210,2025-11-25,1632.38,Cold-chain logger,2
CUST-10210,2025-12-14,6200.99,Trade desk seat,4
CUST-10210,2025-12-18,2217.76,Refill pack,3
CUST-10210,2026-01-17,2960.09,Servo drive kit,3
CUST-10210,2026-02-17,4276.24,Conveyor bearing 6205,4
CUST-10210,2026-02-23,985.08,Analytics seat,1
CUST-10210,2026-04-09,5515.83,Fiber 300 plan,3
CUST-10210,2026-05-06,2818.03,Aura bottle 1L,4
CUST-10210,2026-06-17,4539.85,Cold-chain logger,2
CUST-10210,2026-07-26,4618.43,Trade desk seat,3
CUST-10211,2026-03-23,7942.22,Analytics seat,4
CUST-10211,2026-03-30,4057.07,Fiber 300 plan,3
CUST-10211,2026-04-29,2301.92,Aura bottle 1L,2
CUST-10211,2026-05-08,1950.29,Cold-chain logger,1
CUST-10211,2026-06-10,2612.48,Trade desk seat,2
CUST-10211,2026-06-15,3160.8,Refill pack,2
CUST-10212,2026-05-02,3094.71,Fiber 300 plan,2
CUST-10212,2026-05-14,744.41,Aura bottle 1L,1
CUST-10212,2026-05-28,1859.17,Cold-chain logger,2
CUST-10212,2026-05-28,6449.52,Trade desk seat,3
CUST-10212,2026-05-29,6341.27,Refill pack,4
CUST-10212,2026-07-12,4237.45,Servo drive kit,3
CUST-10212,2026-07-14,2872.87,Conveyor bearing 6205,4
CUST-10212,2026-08-05,3593.03,Analytics seat,3
CUST-10212,2026-08-09,4057.53,Fiber 300 plan,3
CUST-10212,2026-08-18,2518.42,Aura bottle 1L,2
CUST-10212,2026-08-20,4746.43,Cold-chain logger,4
CUST-10213,2024-09-21,5223.4,Aura bottle 1L,3
CUST-10213,2024-11-22,1024.97,Cold-chain logger,1
CUST-10213,2025-06-17,4034.44,Trade desk seat,3
CUST-10213,2026-07-07,2546.69,Refill pack,3
CUST-10213,2026-08-05,2422.14,Servo drive kit,2
CUST-10214,2025-03-06,1758.82,Cold-chain logger,2
CUST-10214,2025-05-01,3249.98,Trade desk seat,4
CUST-10214,2025-06-23,3003.59,Refill pack,3
CUST-10214,2025-07-21,692.67,Servo drive kit,1
CUST-10214,2025-11-20,3667.37,Conveyor bearing 6205,4
CUST-10214,2026-03-03,3142.88,Analytics seat,4
CUST-10214,2026-04-27,806.36,Fiber 300 plan,1
CUST-10214,2026-06-26,3051.04,Aura bottle 1L,4
CUST-10214,2026-07-17,3440.22,Cold-chain logger,3
CUST-10215,2025-12-04,2881.37,Trade desk seat,4
CUST-10215,2025-12-04,7169.23,Refill pack,3
CUST-10215,2025-12-08,1933.53,Servo drive kit,1
CUST-10215,2025-12-31,3180.14,Conveyor bearing 6205,3
CUST-10215,2026-01-17,1642.46,Analytics seat,1
CUST-10215,2026-01-31,1901.77,Fiber 300 plan,3
CUST-10215,2026-02-05,1847.85,Aura bottle 1L,1
CUST-10215,2026-03-04,4319.89,Cold-chain logger,4
CUST-10215,2026-03-05,1422.25,Trade desk seat,2
CUST-10215,2026-03-21,2308.96,Refill pack,4
CUST-10215,2026-05-08,4559.87,Servo drive kit,3
CUST-10215,2026-05-20,2414.38,Conveyor bearing 6205,2
CUST-10215,2026-06-04,2438.11,Analytics seat,3
CUST-10215,2026-06-14,3560.64,Fiber 300 plan,3
CUST-10215,2026-06-19,2914.47,Aura bottle 1L,3
CUST-10215,2026-07-09,1401.28,Cold-chain logger,2
CUST-10215,2026-07-13,2512.95,Trade desk seat,3
CUST-10215,2026-08-03,7951.0,Refill pack,4
CUST-10215,2026-08-14,2033.33,Servo drive kit,4
CUST-10215,2026-08-20,9056.27,Conveyor bearing 6205,4
CUST-10216,2024-10-24,2680.57,Refill pack,3
CUST-10216,2025-01-08,2162.29,Servo drive kit,2
CUST-10216,2025-06-14,4995.53,Conveyor bearing 6205,3
CUST-10216,2025-07-19,1126.23,Analytics seat,1
CUST-10217,2024-12-18,3319.79,Servo drive kit,3
CUST-10217,2025-06-01,6194.93,Conveyor bearing 6205,4
CUST-10217,2025-06-27,1228.57,Analytics seat,1
CUST-10217,2026-01-08,3110.48,Fiber 300 plan,3
CUST-10217,2026-01-08,7459.04,Aura bottle 1L,4
CUST-10217,2026-02-01,4660.66,Cold-chain logger,3
CUST-10217,2026-02-05,3298.97,Trade desk seat,3
CUST-10217,2026-05-03,1595.89,Refill pack,2
CUST-10217,2026-05-25,1136.81,Servo drive kit,1
CUST-10218,2026-06-20,1210.35,Conveyor bearing 6205,1
CUST-10218,2026-06-24,742.97,Analytics seat,1
CUST-10218,2026-07-06,1968.94,Fiber 300 plan,2
CUST-10218,2026-07-09,1191.48,Aura bottle 1L,1
CUST-10218,2026-07-12,818.38,Cold-chain logger,1
CUST-10218,2026-07-12,4346.47,Trade desk seat,4
CUST-10218,2026-07-22,3155.81,Refill pack,3
CUST-10218,2026-07-27,1658.38,Servo drive kit,3
CUST-10218,2026-07-30,6006.42,Conveyor bearing 6205,3
CUST-10218,2026-08-17,2495.62,Analytics seat,4
CUST-10219,2026-01-03,3748.62,Analytics seat,3
CUST-10219,2026-01-10,891.94,Fiber 300 plan,1
CUST-10219,2026-01-29,782.7,Aura bottle 1L,1
CUST-10219,2026-03-05,2363.04,Cold-chain logger,2
CUST-10219,2026-03-05,1388.49,Trade desk seat,2
CUST-10219,2026-03-26,4584.15,Refill pack,4
CUST-10219,2026-04-10,2310.56,Servo drive kit,3
CUST-10219,2026-04-15,1020.01,Conveyor bearing 6205,1
CUST-10219,2026-06-08,935.71,Analytics seat,1
CUST-10220,2025-06-30,3868.05,Fiber 300 plan,4
CUST-10220,2025-10-26,5904.28,Aura bottle 1L,4
CUST-10220,2026-01-19,2426.49,Cold-chain logger,3
CUST-10220,2026-03-07,2683.15,Trade desk seat,3
CUST-10220,2026-03-11,1095.63,Refill pack,1
CUST-10220,2026-03-24,8021.35,Servo drive kit,4
CUST-10220,2026-03-26,1154.65,Conveyor bearing 6205,1
CUST-10220,2026-04-09,1903.82,Analytics seat,2
CUST-10220,2026-04-11,1703.8,Fiber 300 plan,1
CUST-10220,2026-04-12,737.41,Aura bottle 1L,1
CUST-10220,2026-04-13,5836.95,Cold-chain logger,4
CUST-10220,2026-06-16,2024.74,Trade desk seat,2
CUST-10221,2025-11-24,4010.63,Aura bottle 1L,4
CUST-10221,2025-12-02,2403.69,Cold-chain logger,2
CUST-10221,2025-12-07,1801.17,Trade desk seat,2
CUST-10221,2026-01-15,4580.09,Refill pack,4
CUST-10221,2026-01-25,818.9,Servo drive kit,1
CUST-10221,2026-02-09,3897.42,Conveyor bearing 6205,4
CUST-10221,2026-02-19,2705.1,Analytics seat,4
CUST-10221,2026-03-13,7483.89,Fiber 300 plan,4
CUST-10221,2026-03-13,881.56,Aura bottle 1L,1
CUST-10221,2026-04-17,2853.48,Cold-chain logger,4
CUST-10221,2026-04-19,2502.4,Trade desk seat,3
CUST-10221,2026-04-20,3339.47,Refill pack,4
CUST-10221,2026-04-22,3086.03,Servo drive kit,3
CUST-10222,2024-09-30,900.74,Cold-chain logger,1
CUST-10222,2024-11-09,2313.46,Trade desk seat,4
CUST-10222,2025-01-05,2807.45,Refill pack,3
CUST-10222,2025-02-08,600.28,Servo drive kit,1
CUST-10222,2025-04-23,2226.69,Conveyor bearing 6205,2
CUST-10222,2025-08-28,3397.77,Analytics seat,3
CUST-10222,2025-10-07,1975.58,Fiber 300 plan,2
CUST-10222,2025-10-13,951.97,Aura bottle 1L,1
CUST-10222,2026-01-24,2202.83,Cold-chain logger,2
CUST-10222,2026-05-25,1074.14,Trade desk seat,3
CUST-10223,2025-04-22,1417.74,Trade desk seat,2
CUST-10223,2025-05-17,4406.35,Refill pack,4
CUST-10223,2025-07-02,2494.78,Servo drive kit,2
CUST-10223,2025-07-09,2954.09,Conveyor bearing 6205,4
CUST-10223,2025-09-14,514.46,Analytics seat,1
CUST-10223,2026-06-23,2040.34,Fiber 300 plan,4
CUST-10223,2026-08-04,3327.68,Aura bottle 1L,4
CUST-10224,2025-08-21,1623.11,Refill pack,2
CUST-10224,2025-09-28,782.37,Servo drive kit,1
CUST-10224,2025-10-06,2252.89,Conveyor bearing 6205,2
CUST-10224,2025-10-06,4316.42,Analytics seat,3
CUST-10224,2025-12-06,2073.64,Fiber 300 plan,2
CUST-10224,2026-01-27,1987.4,Aura bottle 1L,2
CUST-10224,2026-03-27,500.63,Cold-chain logger,1
CUST-10224,2026-04-22,1624.94,Trade desk seat,3
CUST-10224,2026-07-06,1212.13,Refill pack,3
CUST-10224,2026-08-02,2796.52,Servo drive kit,2
CUST-10225,2024-08-09,626.83,Servo drive kit,1
CUST-10225,2024-09-18,2990.78,Conveyor bearing 6205,4
CUST-10225,2025-05-13,4186.92,Analytics seat,4
CUST-10226,2025-06-03,3248.2,Conveyor bearing 6205,3
CUST-10226,2026-03-30,3621.03,Analytics seat,3
CUST-10226,2026-05-14,1227.85,Fiber 300 plan,1
CUST-10226,2026-05-25,816.05,Aura bottle 1L,1
CUST-10226,2026-06-22,5488.23,Cold-chain logger,4
CUST-10227,2025-05-31,5504.44,Analytics seat,4
CUST-10227,2025-09-06,1205.34,Fiber 300 plan,2
CUST-10227,2025-09-19,720.61,Aura bottle 1L,1
CUST-10227,2025-09-26,1786.88,Cold-chain logger,1
CUST-10227,2025-12-02,607.72,Trade desk seat,1
CUST-10227,2026-01-16,2269.03,Refill pack,2
CUST-10227,2026-01-20,639.49,Servo drive kit,1
CUST-10227,2026-07-09,2603.13,Conveyor bearing 6205,2
CUST-10227,2026-07-17,1506.81,Analytics seat,2
CUST-10228,2026-04-02,1191.08,Fiber 300 plan,2
CUST-10228,2026-04-17,4403.95,Aura bottle 1L,4
CUST-10228,2026-05-19,800.09,Cold-chain logger,1
CUST-10228,2026-05-21,2148.75,Trade desk seat,3
CUST-10228,2026-06-02,1951.35,Refill pack,2
CUST-10228,2026-06-07,2893.07,Servo drive kit,3
CUST-10228,2026-06-23,2240.64,Conveyor bearing 6205,2
CUST-10228,2026-06-24,7968.84,Analytics seat,4
CUST-10228,2026-07-11,1365.17,Fiber 300 plan,1
CUST-10228,2026-07-20,4344.45,Aura bottle 1L,4
CUST-10228,2026-07-27,1895.92,Cold-chain logger,2
CUST-10228,2026-07-31,1876.59,Trade desk seat,2
CUST-10228,2026-08-17,4316.84,Refill pack,4
CUST-10229,2026-03-12,1583.76,Aura bottle 1L,1
CUST-10229,2026-03-30,4132.23,Cold-chain logger,4
CUST-10229,2026-04-20,2636.72,Trade desk seat,2
CUST-10229,2026-06-09,3038.53,Refill pack,3
CUST-10229,2026-06-11,1330.92,Servo drive kit,1
CUST-10229,2026-07-16,1353.57,Conveyor bearing 6205,1
CUST-10229,2026-07-22,1218.21,Analytics seat,1
CUST-10229,2026-07-29,2176.68,Fiber 300 plan,3
CUST-10229,2026-08-02,1091.64,Aura bottle 1L,1
CUST-10229,2026-08-20,1844.76,Cold-chain logger,2
CUST-10229,2026-08-24,3431.05,Trade desk seat,4
CUST-10230,2026-03-07,2580.17,Cold-chain logger,3
CUST-10230,2026-03-15,1797.24,Trade desk seat,2
CUST-10230,2026-03-16,537.36,Refill pack,1
CUST-10230,2026-04-07,1314.66,Servo drive kit,1
CUST-10230,2026-04-12,1645.21,Conveyor bearing 6205,2
CUST-10230,2026-04-26,2098.18,Analytics seat,2
CUST-10230,2026-05-07,622.96,Fiber 300 plan,1
CUST-10230,2026-07-03,1741.87,Aura bottle 1L,3
CUST-10230,2026-08-09,1805.0,Cold-chain logger,2
CUST-10231,2025-07-26,834.95,Trade desk seat,1
CUST-10231,2025-07-30,3342.2,Refill pack,4
CUST-10231,2025-08-04,1669.64,Servo drive kit,2
CUST-10231,2026-04-17,539.62,Conveyor bearing 6205,1
CUST-10231,2026-08-08,8374.77,Analytics seat,4
CUST-10232,2024-09-01,6624.38,Refill pack,4
CUST-10232,2024-09-17,841.43,Servo drive kit,1
CUST-10232,2025-02-18,2495.52,Conveyor bearing 6205,2
CUST-10232,2025-03-19,1369.24,Analytics seat,2
CUST-10232,2025-05-22,3427.28,Fiber 300 plan,4
CUST-10232,2025-05-28,960.44,Aura bottle 1L,1
CUST-10232,2025-09-06,5529.35,Cold-chain logger,4
CUST-10232,2025-10-03,2374.47,Trade desk seat,2
CUST-10232,2026-07-15,3170.34,Refill pack,4
CUST-10233,2025-12-24,1465.2,Servo drive kit,2
CUST-10233,2026-01-02,3591.93,Conveyor bearing 6205,4
CUST-10233,2026-01-25,1680.26,Analytics seat,2
CUST-10233,2026-01-26,970.39,Fiber 300 plan,1
CUST-10233,2026-04-14,966.29,Aura bottle 1L,1
CUST-10233,2026-05-03,3717.77,Cold-chain logger,4
CUST-10233,2026-05-15,1203.52,Trade desk seat,1
CUST-10233,2026-07-25,2604.0,Refill pack,3
CUST-10233,2026-08-17,587.58,Servo drive kit,1
CUST-10233,2026-08-25,699.31,Conveyor bearing 6205,1
CUST-10234,2025-12-30,5348.3,Conveyor bearing 6205,4
CUST-10234,2026-01-01,2034.82,Analytics seat,2
CUST-10234,2026-02-09,3333.75,Fiber 300 plan,4
CUST-10234,2026-02-22,712.62,Aura bottle 1L,1
CUST-10234,2026-03-23,1307.56,Cold-chain logger,1
CUST-10234,2026-05-30,3311.63,Trade desk seat,3
CUST-10235,2025-10-27,2814.96,Analytics seat,4
CUST-10235,2026-04-09,585.24,Fiber 300 plan,1
CUST-10235,2026-04-21,888.0,Aura bottle 1L,1
CUST-10235,2026-05-05,2525.99,Cold-chain logger,3
CUST-10235,2026-06-17,557.42,Trade desk seat,1
CUST-10235,2026-07-04,1888.11,Refill pack,2
CUST-10235,2026-08-22,3494.08,Servo drive kit,4
CUST-10236,2025-06-01,2530.29,Fiber 300 plan,4
CUST-10236,2025-07-14,400.98,Aura bottle 1L,1
CUST-10236,2025-12-12,613.29,Cold-chain logger,1
CUST-10237,2025-08-09,2371.57,Aura bottle 1L,3
CUST-10237,2025-09-17,2197.13,Cold-chain logger,3
CUST-10237,2025-10-14,1248.77,Trade desk seat,1
CUST-10237,2025-11-14,1126.2,Refill pack,2
CUST-10237,2026-02-01,7682.41,Servo drive kit,4
CUST-10237,2026-06-21,5796.38,Conveyor bearing 6205,4
CUST-10238,2025-03-12,1258.87,Cold-chain logger,2
CUST-10238,2025-05-30,2752.33,Trade desk seat,4
CUST-10238,2025-09-19,1175.38,Refill pack,1
CUST-10238,2026-01-11,2314.66,Servo drive kit,1
CUST-10238,2026-04-24,2449.71,Conveyor bearing 6205,4
CUST-10238,2026-08-13,930.5,Analytics seat,1
CUST-10239,2026-05-04,1977.32,Trade desk seat,3
CUST-10239,2026-06-03,3711.52,Refill pack,3
CUST-10239,2026-06-07,2978.62,Servo drive kit,4
CUST-10239,2026-06-17,3046.06,Conveyor bearing 6205,3
CUST-10239,2026-07-05,1068.31,Analytics seat,2
CUST-10239,2026-07-13,1919.08,Fiber 300 plan,3
CUST-10239,2026-07-19,945.69,Aura bottle 1L,1
CUST-10239,2026-07-25,2733.51,Cold-chain logger,2
CUST-10239,2026-08-24,2315.39,Trade desk seat,2
CUST-10240,2026-01-23,3561.87,Refill pack,3
CUST-10240,2026-01-26,444.78,Servo drive kit,1
CUST-10240,2026-03-20,643.87,Conveyor bearing 6205,1
CUST-10240,2026-03-23,2276.54,Analytics seat,3
CUST-10240,2026-04-24,592.36,Fiber 300 plan,1
CUST-10240,2026-05-06,927.65,Aura bottle 1L,1
CUST-10240,2026-05-14,695.04,Cold-chain logger,1
CUST-10240,2026-05-14,2228.5,Trade desk seat,3
CUST-10240,2026-05-30,669.43,Refill pack,1
CUST-10240,2026-06-16,878.01,Servo drive kit,1
CUST-10240,2026-06-22,2828.55,Conveyor bearing 6205,4
CUST-10240,2026-08-05,4583.56,Analytics seat,3
CUST-10241,2025-12-27,3001.98,Servo drive kit,3
CUST-10241,2026-01-27,3956.32,Conveyor bearing 6205,3
CUST-10241,2026-02-03,1056.52,Analytics seat,1
CUST-10241,2026-02-08,2266.89,Fiber 300 plan,3
CUST-10241,2026-03-10,2822.93,Aura bottle 1L,3
CUST-10241,2026-04-16,3459.14,Cold-chain logger,4
CUST-10241,2026-04-18,1686.34,Trade desk seat,3
CUST-10241,2026-06-07,5389.15,Refill pack,4
CUST-10241,2026-06-18,1008.57,Servo drive kit,1
CUST-10241,2026-07-09,7100.98,Conveyor bearing 6205,3
CUST-10241,2026-08-13,1495.42,Analytics seat,2
CUST-10242,2026-07-07,2637.73,Conveyor bearing 6205,3
CUST-10242,2026-07-14,2669.09,Analytics seat,4
CUST-10242,2026-07-19,2072.33,Fiber 300 plan,3
CUST-10242,2026-08-04,1987.47,Aura bottle 1L,4
CUST-10242,2026-08-27,1515.62,Cold-chain logger,1
CUST-10243,2024-07-19,1040.57,Analytics seat,2
CUST-10243,2024-08-05,6541.28,Fiber 300 plan,4
CUST-10243,2024-11-01,525.34,Aura bottle 1L,1
CUST-10243,2025-02-09,660.45,Cold-chain logger,1
CUST-10243,2025-02-24,2160.55,Trade desk seat,2
CUST-10243,2025-09-07,1792.56,Refill pack,3
CUST-10243,2025-10-01,2556.3,Servo drive kit,2
CUST-10243,2025-10-24,1358.5,Conveyor bearing 6205,2
CUST-10243,2026-02-08,544.58,Analytics seat,1
CUST-10243,2026-06-14,750.15,Fiber 300 plan,1
CUST-10243,2026-06-15,3384.91,Aura bottle 1L,3
CUST-10243,2026-07-08,783.32,Cold-chain logger,1
CUST-10243,2026-07-26,2539.91,Trade desk seat,3
CUST-10244,2025-10-05,1951.95,Fiber 300 plan,2
CUST-10244,2025-10-11,2429.32,Aura bottle 1L,3
CUST-10244,2025-10-29,1357.71,Cold-chain logger,2
CUST-10244,2025-12-02,1278.21,Trade desk seat,2
CUST-10244,2026-02-24,2757.6,Refill pack,3
CUST-10244,2026-04-15,3910.36,Servo drive kit,4
CUST-10244,2026-04-30,4358.23,Conveyor bearing 6205,4
CUST-10244,2026-05-03,3041.34,Analytics seat,4
CUST-10245,2026-05-15,2586.89,Aura bottle 1L,3
CUST-10245,2026-05-23,3123.18,Cold-chain logger,3
CUST-10245,2026-06-02,935.46,Trade desk seat,1
CUST-10245,2026-06-13,1998.06,Refill pack,2
CUST-10245,2026-06-29,642.71,Servo drive kit,1
CUST-10245,2026-07-15,1438.84,Conveyor bearing 6205,3
CUST-10245,2026-07-20,2610.6,Analytics seat,4
CUST-10245,2026-07-28,1828.85,Fiber 300 plan,2
CUST-10245,2026-08-04,1377.11,Aura bottle 1L,1
CUST-10245,2026-08-04,915.99,Cold-chain logger,1
CUST-10246,2025-02-17,2533.88,Cold-chain logger,4
CUST-10246,2025-05-12,709.67,Trade desk seat,1
CUST-10246,2025-05-27,1876.81,Refill pack,3
CUST-10246,2025-08-16,2477.14,Servo drive kit,4
CUST-10247,2025-07-22,2130.22,Trade desk seat,2
CUST-10247,2025-08-03,2465.15,Refill pack,2
CUST-10247,2026-01-02,5798.23,Servo drive kit,4
CUST-10247,2026-01-19,805.77,Conveyor bearing 6205,2
CUST-10247,2026-01-27,6367.24,Analytics seat,4
CUST-10247,2026-03-03,2010.77,Fiber 300 plan,1
CUST-10247,2026-06-07,7538.35,Aura bottle 1L,4
CUST-10247,2026-07-14,3325.9,Cold-chain logger,3
CUST-10247,2026-08-10,1257.71,Trade desk seat,1
CUST-10247,2026-08-19,3131.45,Refill pack,3
CUST-10247,2026-08-26,1745.1,Servo drive kit,2
CUST-10248,2026-05-07,2887.56,Refill pack,2
CUST-10248,2026-05-22,1492.95,Servo drive kit,3
CUST-10248,2026-06-16,3830.35,Conveyor bearing 6205,4
CUST-10248,2026-07-13,4004.52,Analytics seat,4
CUST-10248,2026-07-19,1738.64,Fiber 300 plan,1
CUST-10248,2026-08-20,4718.95,Aura bottle 1L,4
CUST-10248,2026-08-22,3069.94,Cold-chain logger,3
CUST-10249,2025-03-09,1417.9,Servo drive kit,2
CUST-10249,2025-05-25,1193.42,Conveyor bearing 6205,1
CUST-10249,2025-06-08,3403.67,Analytics seat,3
CUST-10249,2025-10-01,2936.31,Fiber 300 plan,3
CUST-10249,2026-05-13,641.17,Aura bottle 1L,1
CUST-10250,2026-03-24,1838.68,Conveyor bearing 6205,4
CUST-10250,2026-04-24,1560.62,Analytics seat,2
CUST-10250,2026-05-15,1526.6,Fiber 300 plan,3
CUST-10250,2026-06-18,1448.62,Aura bottle 1L,1
CUST-10250,2026-06-22,605.19,Cold-chain logger,1
CUST-10250,2026-08-23,702.34,Trade desk seat,1
CUST-10250,2026-08-27,1941.61,Refill pack,2
CUST-10251,2025-10-12,3353.03,Analytics seat,3
CUST-10251,2025-10-18,6466.73,Fiber 300 plan,4
CUST-10251,2026-04-05,2693.44,Aura bottle 1L,4
CUST-10251,2026-08-21,5430.21,Cold-chain logger,3
CUST-10252,2025-10-10,2923.26,Fiber 300 plan,3
CUST-10252,2025-10-14,5167.39,Aura bottle 1L,4
CUST-10252,2025-11-04,3184.75,Cold-chain logger,3
CUST-10252,2026-01-09,1176.62,Trade desk seat,1
CUST-10252,2026-04-20,486.59,Refill pack,1
CUST-10252,2026-07-25,3542.13,Servo drive kit,4
CUST-10252,2026-08-05,1114.03,Conveyor bearing 6205,1
CUST-10252,2026-08-24,3663.26,Analytics seat,4
CUST-10253,2026-03-02,3399.15,Aura bottle 1L,4
CUST-10253,2026-05-15,775.14,Cold-chain logger,1
CUST-10253,2026-05-30,1572.52,Trade desk seat,2
CUST-10253,2026-06-07,1517.07,Refill pack,2
CUST-10254,2025-04-28,1434.81,Cold-chain logger,1
CUST-10254,2025-05-04,2298.61,Trade desk seat,4
CUST-10254,2025-05-23,1795.0,Refill pack,1
CUST-10254,2025-06-02,3013.67,Servo drive kit,4
CUST-10254,2025-06-05,3485.47,Conveyor bearing 6205,4
CUST-10254,2025-08-14,5825.5,Analytics seat,4
CUST-10254,2025-11-27,2903.31,Fiber 300 plan,3
CUST-10254,2025-12-21,612.97,Aura bottle 1L,1
CUST-10254,2026-02-10,3188.21,Cold-chain logger,4
CUST-10254,2026-02-23,1677.13,Trade desk seat,2
CUST-10254,2026-02-24,3892.3,Refill pack,2
CUST-10254,2026-02-28,2492.48,Servo drive kit,2
CUST-10254,2026-04-15,3672.49,Conveyor bearing 6205,4
CUST-10254,2026-05-04,4064.57,Analytics seat,3
CUST-10254,2026-06-17,2657.21,Fiber 300 plan,4
CUST-10255,2025-05-11,1363.84,Trade desk seat,2
CUST-10255,2025-11-06,1745.84,Refill pack,3
CUST-10255,2025-12-24,2430.76,Servo drive kit,3
CUST-10255,2026-03-30,864.42,Conveyor bearing 6205,1
CUST-10255,2026-06-05,527.79,Analytics seat,1
CUST-10255,2026-07-09,814.37,Fiber 300 plan,1
CUST-10256,2025-09-21,3022.59,Refill pack,4
CUST-10256,2025-12-26,2951.87,Servo drive kit,4
CUST-10256,2026-01-17,815.61,Conveyor bearing 6205,1
CUST-10256,2026-02-18,3425.11,Analytics seat,3
CUST-10256,2026-02-19,1235.79,Fiber 300 plan,1
CUST-10256,2026-03-23,3170.79,Aura bottle 1L,2
CUST-10256,2026-04-25,1079.87,Cold-chain logger,1
CUST-10257,2026-05-24,656.58,Servo drive kit,1
CUST-10257,2026-06-05,1449.14,Conveyor bearing 6205,1
CUST-10257,2026-06-18,2018.31,Analytics seat,3
CUST-10257,2026-08-05,3957.93,Fiber 300 plan,3
CUST-10258,2026-06-25,2080.97,Conveyor bearing 6205,2
CUST-10258,2026-06-27,2971.16,Analytics seat,4
CUST-10258,2026-06-28,914.33,Fiber 300 plan,1
CUST-10258,2026-07-06,1793.3,Aura bottle 1L,3
CUST-10258,2026-08-09,2482.32,Cold-chain logger,4
CUST-10259,2025-05-01,2942.59,Analytics seat,2
CUST-10259,2025-05-15,613.83,Fiber 300 plan,1
CUST-10259,2025-06-22,1005.33,Aura bottle 1L,1
CUST-10259,2025-11-06,1461.53,Cold-chain logger,4
CUST-10259,2026-04-08,2502.65,Trade desk seat,3
CUST-10260,2026-01-05,1619.64,Fiber 300 plan,2
CUST-10260,2026-01-12,996.2,Aura bottle 1L,2
CUST-10260,2026-01-28,2047.17,Cold-chain logger,1
CUST-10260,2026-01-30,4128.74,Trade desk seat,3
CUST-10260,2026-01-31,696.85,Refill pack,1
CUST-10260,2026-02-11,3332.53,Servo drive kit,3
CUST-10260,2026-02-18,5023.69,Conveyor bearing 6205,4
CUST-10260,2026-04-11,3937.49,Analytics seat,4
CUST-10260,2026-04-14,7777.82,Fiber 300 plan,4
CUST-10260,2026-05-01,3511.2,Aura bottle 1L,3
CUST-10260,2026-05-24,2603.86,Cold-chain logger,3
CUST-10260,2026-06-17,767.0,Trade desk seat,1
CUST-10261,2024-04-22,3015.69,Aura bottle 1L,3
CUST-10261,2024-05-20,1366.63,Cold-chain logger,1
CUST-10261,2024-06-06,542.59,Trade desk seat,1
CUST-10261,2024-09-17,1205.69,Refill pack,1
CUST-10261,2024-10-09,3034.31,Servo drive kit,3
CUST-10261,2025-02-13,3237.21,Conveyor bearing 6205,3
CUST-10261,2025-04-17,4310.56,Analytics seat,3
CUST-10261,2025-06-12,1384.66,Fiber 300 plan,1
CUST-10261,2025-07-09,3545.99,Aura bottle 1L,4
CUST-10261,2025-11-19,1074.6,Cold-chain logger,1
CUST-10261,2026-02-02,966.07,Trade desk seat,1
CUST-10261,2026-02-15,5174.47,Refill pack,2
CUST-10261,2026-02-26,3634.34,Servo drive kit,3
CUST-10261,2026-04-19,808.41,Conveyor bearing 6205,1
CUST-10261,2026-05-28,5401.19,Analytics seat,4
CUST-10261,2026-07-16,5414.59,Fiber 300 plan,4
CUST-10261,2026-08-16,4458.48,Aura bottle 1L,3
CUST-10262,2025-02-01,2795.55,Cold-chain logger,2
CUST-10262,2025-04-25,1270.34,Trade desk seat,2
CUST-10262,2025-09-14,1620.74,Refill pack,2
CUST-10262,2025-12-15,1262.67,Servo drive kit,2
CUST-10262,2026-02-04,1870.07,Conveyor bearing 6205,2
CUST-10263,2025-03-14,4067.04,Trade desk seat,4
CUST-10263,2025-08-12,1061.47,Refill pack,2
CUST-10263,2025-10-27,3204.75,Servo drive kit,3
CUST-10263,2025-11-17,6043.14,Conveyor bearing 6205,3
CUST-10263,2026-04-08,2177.57,Analytics seat,3
CUST-10263,2026-05-22,1983.62,Fiber 300 plan,2
CUST-10263,2026-05-22,4701.93,Aura bottle 1L,4
CUST-10264,2026-01-11,2338.01,Refill pack,4
CUST-10264,2026-02-11,1163.5,Servo drive kit,1
CUST-10264,2026-02-24,1735.9,Conveyor bearing 6205,3
CUST-10264,2026-03-28,4434.18,Analytics seat,4
CUST-10264,2026-05-23,2297.73,Fiber 300 plan,2
CUST-10264,2026-06-07,1113.66,Aura bottle 1L,1
CUST-10264,2026-06-15,2381.39,Cold-chain logger,2
CUST-10264,2026-06-18,3206.15,Trade desk seat,4
CUST-10264,2026-07-03,1583.91,Refill pack,2
CUST-10264,2026-07-11,5669.94,Servo drive kit,4
CUST-10265,2024-05-16,1313.91,Servo drive kit,1
CUST-10265,2024-07-08,1246.07,Conveyor bearing 6205,2
CUST-10265,2024-09-04,1372.79,Analytics seat,1
CUST-10265,2024-10-06,3637.78,Fiber 300 plan,4
CUST-10265,2024-10-21,1019.36,Aura bottle 1L,1
CUST-10265,2024-10-22,3499.03,Cold-chain logger,4
CUST-10265,2025-02-13,2369.67,Trade desk seat,2
CUST-10265,2025-08-31,2660.52,Refill pack,2
CUST-10265,2025-11-23,2339.5,Servo drive kit,4
CUST-10265,2026-02-10,2796.65,Conveyor bearing 6205,2
CUST-10265,2026-06-19,2039.92,Analytics seat,3
CUST-10265,2026-06-24,2504.04,Fiber 300 plan,3
CUST-10265,2026-06-27,3210.2,Aura bottle 1L,3
CUST-10266,2024-12-31,3970.55,Conveyor bearing 6205,4
CUST-10266,2025-01-07,3091.66,Analytics seat,3
CUST-10266,2025-01-14,3576.67,Fiber 300 plan,3
CUST-10266,2025-05-20,641.49,Aura bottle 1L,1
CUST-10266,2025-08-19,2511.04,Cold-chain logger,3
CUST-10266,2025-10-30,5173.58,Trade desk seat,4
CUST-10266,2026-03-08,2281.76,Refill pack,2
CUST-10266,2026-03-20,4277.05,Servo drive kit,3
CUST-10266,2026-04-13,1933.11,Conveyor bearing 6205,3
CUST-10266,2026-07-10,2556.69,Analytics seat,3
CUST-10266,2026-07-21,2053.99,Fiber 300 plan,1
CUST-10266,2026-07-25,2654.86,Aura bottle 1L,3
CUST-10266,2026-08-10,2455.56,Cold-chain logger,3
CUST-10267,2026-06-13,3271.12,Analytics seat,2
CUST-10267,2026-06-20,1075.33,Fiber 300 plan,1
CUST-10267,2026-06-22,2366.98,Aura bottle 1L,4
CUST-10267,2026-07-01,1250.49,Cold-chain logger,1
CUST-10267,2026-07-20,2443.94,Trade desk seat,4
CUST-10267,2026-07-24,667.39,Refill pack,1
CUST-10267,2026-08-02,1084.35,Servo drive kit,1
CUST-10267,2026-08-08,5298.52,Conveyor bearing 6205,4
CUST-10267,2026-08-27,872.81,Analytics seat,1
CUST-10268,2025-05-13,4330.88,Fiber 300 plan,4
CUST-10268,2025-05-15,1963.89,Aura bottle 1L,2
CUST-10268,2025-07-05,1623.95,Cold-chain logger,1
CUST-10268,2025-11-15,1688.12,Trade desk seat,1
CUST-10268,2026-02-22,5626.27,Refill pack,3
CUST-10268,2026-06-16,2951.95,Servo drive kit,3
CUST-10268,2026-07-01,5072.56,Conveyor bearing 6205,3
CUST-10269,2026-05-28,3229.1,Aura bottle 1L,2
CUST-10269,2026-06-05,1886.2,Cold-chain logger,2
CUST-10269,2026-06-23,2525.87,Trade desk seat,2
CUST-10269,2026-07-09,2178.86,Refill pack,3
CUST-10269,2026-07-13,2041.0,Servo drive kit,2
CUST-10269,2026-07-14,2743.31,Conveyor bearing 6205,3
CUST-10269,2026-07-18,971.92,Analytics seat,1
CUST-10269,2026-07-31,9120.67,Fiber 300 plan,4
CUST-10269,2026-08-01,1719.28,Aura bottle 1L,3
CUST-10269,2026-08-18,3986.2,Cold-chain logger,4
CUST-10269,2026-08-24,1740.43,Trade desk seat,2
CUST-10269,2026-08-26,1375.47,Refill pack,1
CUST-10270,2025-11-16,2949.07,Cold-chain logger,2
CUST-10270,2025-12-22,2112.1,Trade desk seat,3
CUST-10270,2025-12-31,1207.93,Refill pack,1
CUST-10270,2026-01-11,1726.53,Servo drive kit,1
CUST-10270,2026-02-03,2022.71,Conveyor bearing 6205,2
CUST-10270,2026-03-18,2218.08,Analytics seat,4
CUST-10270,2026-04-26,2445.21,Fiber 300 plan,2
CUST-10270,2026-06-29,6982.34,Aura bottle 1L,4
CUST-10270,2026-06-30,1923.39,Cold-chain logger,1
CUST-10271,2025-08-17,4402.68,Trade desk seat,3
CUST-10271,2025-08-26,805.26,Refill pack,1
CUST-10271,2025-09-20,3070.43,Servo drive kit,2
CUST-10271,2026-01-02,3564.33,Conveyor bearing 6205,3
CUST-10271,2026-03-18,2588.02,Analytics seat,4
CUST-10271,2026-07-06,4753.94,Fiber 300 plan,3
CUST-10272,2025-10-21,1701.67,Refill pack,1
CUST-10272,2025-10-22,799.2,Servo drive kit,1
CUST-10272,2025-11-04,2253.37,Conveyor bearing 6205,3
CUST-10272,2025-11-21,2193.08,Analytics seat,2
CUST-10272,2025-12-08,2312.23,Fiber 300 plan,4
CUST-10272,2026-01-17,6738.23,Aura bottle 1L,4
CUST-10272,2026-01-22,5253.8,Cold-chain logger,4
CUST-10272,2026-03-06,2438.69,Trade desk seat,3
CUST-10272,2026-04-24,3576.74,Refill pack,3
CUST-10272,2026-05-17,2507.04,Servo drive kit,2
CUST-10272,2026-06-11,3975.32,Conveyor bearing 6205,3
CUST-10273,2025-12-24,5851.28,Servo drive kit,4
CUST-10273,2026-01-11,1214.56,Conveyor bearing 6205,2
CUST-10273,2026-01-15,3730.46,Analytics seat,4
CUST-10273,2026-02-04,4069.56,Fiber 300 plan,4
CUST-10273,2026-02-14,3120.73,Aura bottle 1L,4
CUST-10273,2026-03-11,5642.41,Cold-chain logger,3
CUST-10273,2026-07-02,2721.89,Trade desk seat,2
CUST-10273,2026-07-22,1103.33,Refill pack,1
CUST-10273,2026-07-28,3137.79,Servo drive kit,2
CUST-10273,2026-08-13,2141.52,Conveyor bearing 6205,2
CUST-10274,2025-11-17,4214.23,Conveyor bearing 6205,4
CUST-10274,2026-02-24,892.29,Analytics seat,1
CUST-10274,2026-04-21,5968.77,Fiber 300 plan,3
CUST-10274,2026-04-26,1644.2,Aura bottle 1L,2
CUST-10274,2026-05-08,1773.48,Cold-chain logger,2
CUST-10274,2026-06-20,2675.25,Trade desk seat,2
CUST-10274,2026-06-30,2872.98,Refill pack,3
CUST-10274,2026-08-02,4330.64,Servo drive kit,4
CUST-10274,2026-08-06,2437.41,Conveyor bearing 6205,2
CUST-10274,2026-08-12,3055.93,Analytics seat,3
CUST-10274,2026-08-16,2751.99,Fiber 300 plan,3
CUST-10275,2025-11-18,2816.98,Analytics seat,4
CUST-10275,2026-01-12,2220.91,Fiber 300 plan,2
CUST-10275,2026-01-24,4380.26,Aura bottle 1L,3
CUST-10275,2026-03-09,2254.62,Cold-chain logger,2
CUST-10275,2026-03-09,2934.48,Trade desk seat,4
CUST-10275,2026-04-09,2510.56,Refill pack,3
CUST-10275,2026-04-10,1867.43,Servo drive kit,2
CUST-10275,2026-04-20,657.63,Conveyor bearing 6205,1
CUST-10275,2026-04-25,1870.13,Analytics seat,4
CUST-10275,2026-05-05,327.06,Fiber 300 plan,1
CUST-10275,2026-06-23,4390.41,Aura bottle 1L,2
CUST-10275,2026-07-08,7310.88,Cold-chain logger,4
CUST-10275,2026-07-26,3081.06,Trade desk seat,3
CUST-10275,2026-08-02,1751.03,Refill pack,3
CUST-10275,2026-08-11,640.88,Servo drive kit,1
CUST-10276,2024-11-18,6315.5,Fiber 300 plan,4
CUST-10276,2025-01-18,3878.24,Aura bottle 1L,3
CUST-10276,2025-06-11,4297.67,Cold-chain logger,3
CUST-10276,2025-06-27,3862.4,Trade desk seat,2
CUST-10276,2025-10-15,2261.31,Refill pack,2
CUST-10276,2025-12-31,3171.13,Servo drive kit,2
CUST-10276,2026-01-04,1927.51,Conveyor bearing 6205,2
CUST-10276,2026-04-01,1359.81,Analytics seat,1
CUST-10276,2026-05-06,4258.44,Fiber 300 plan,4
CUST-10276,2026-07-09,2726.59,Aura bottle 1L,2
CUST-10276,2026-08-01,3776.36,Cold-chain logger,2
CUST-10277,2025-08-06,1379.74,Aura bottle 1L,3
CUST-10277,2025-11-02,1894.07,Cold-chain logger,3
CUST-10277,2025-11-23,1098.29,Trade desk seat,2
CUST-10277,2026-01-02,1557.29,Refill pack,2
CUST-10278,2024-08-27,2421.72,Cold-chain logger,4
CUST-10278,2024-10-16,3397.23,Trade desk seat,3
CUST-10278,2025-05-27,1593.39,Refill pack,1
CUST-10278,2025-08-11,5857.27,Servo drive kit,4
CUST-10278,2025-08-28,991.08,Conveyor bearing 6205,1
CUST-10278,2025-12-02,1856.81,Analytics seat,2
CUST-10278,2025-12-06,3893.51,Fiber 300 plan,3
CUST-10278,2025-12-26,1060.12,Aura bottle 1L,1
CUST-10278,2026-01-17,1107.97,Cold-chain logger,1
CUST-10278,2026-05-06,1365.27,Trade desk seat,2
CUST-10278,2026-05-29,1092.77,Refill pack,1
CUST-10278,2026-06-23,2135.51,Servo drive kit,2
CUST-10279,2025-01-21,644.66,Trade desk seat,1
CUST-10279,2025-07-08,769.38,Refill pack,2
CUST-10279,2026-02-27,1656.49,Servo drive kit,3
CUST-10279,2026-05-31,612.54,Conveyor bearing 6205,1
CUST-10280,2026-05-08,2828.0,Refill pack,4
CUST-10280,2026-06-06,2704.61,Servo drive kit,2
CUST-10280,2026-06-18,4247.92,Conveyor bearing 6205,4
CUST-10280,2026-07-26,2579.38,Analytics seat,3
CUST-10280,2026-08-09,3591.29,Fiber 300 plan,2
CUST-10280,2026-08-10,3610.14,Aura bottle 1L,3
CUST-10280,2026-08-14,1669.68,Cold-chain logger,2
CUST-10280,2026-08-20,1954.99,Trade desk seat,2
CUST-10281,2025-01-29,2477.19,Servo drive kit,2
CUST-10281,2025-11-06,2912.18,Conveyor bearing 6205,2
CUST-10281,2025-12-16,846.47,Analytics seat,1
CUST-10281,2026-01-30,3450.1,Fiber 300 plan,4
CUST-10281,2026-03-07,1707.23,Aura bottle 1L,2
CUST-10281,2026-04-12,2342.34,Cold-chain logger,3
CUST-10282,2025-09-15,1108.11,Conveyor bearing 6205,2
CUST-10282,2025-11-16,1113.05,Analytics seat,1
CUST-10282,2026-02-04,4552.6,Fiber 300 plan,4
CUST-10282,2026-02-27,1681.57,Aura bottle 1L,1
CUST-10282,2026-03-01,871.99,Cold-chain logger,1
CUST-10282,2026-03-19,2395.28,Trade desk seat,2
CUST-10282,2026-06-05,2275.31,Refill pack,3
CUST-10282,2026-07-28,4161.28,Servo drive kit,4
CUST-10283,2025-12-24,3721.38,Analytics seat,4
CUST-10283,2026-02-09,3593.46,Fiber 300 plan,2
CUST-10283,2026-03-22,7154.0,Aura bottle 1L,4
CUST-10283,2026-04-08,3662.62,Cold-chain logger,2
CUST-10283,2026-04-16,2676.19,Trade desk seat,2
CUST-10283,2026-05-14,2870.67,Refill pack,2
CUST-10283,2026-06-03,3367.33,Servo drive kit,4
CUST-10283,2026-06-07,3604.45,Conveyor bearing 6205,2
CUST-10283,2026-07-22,2120.74,Analytics seat,3
CUST-10284,2024-08-03,4653.05,Fiber 300 plan,4
CUST-10284,2024-09-15,3614.94,Aura bottle 1L,4
CUST-10284,2025-05-11,2154.76,Cold-chain logger,3
CUST-10284,2025-07-25,2747.96,Trade desk seat,2
CUST-10284,2025-12-28,816.67,Refill pack,3
CUST-10284,2026-04-15,1868.57,Servo drive kit,1
CUST-10285,2025-09-04,1767.54,Aura bottle 1L,3
CUST-10285,2026-01-13,2949.4,Cold-chain logger,4
CUST-10285,2026-06-15,2930.99,Trade desk seat,3
CUST-10285,2026-07-05,3645.25,Refill pack,4
CUST-10285,2026-08-18,1930.15,Servo drive kit,2
CUST-10286,2025-06-26,2450.81,Cold-chain logger,3
CUST-10286,2025-11-19,2080.72,Trade desk seat,2
CUST-10286,2026-02-19,3171.84,Refill pack,4
CUST-10286,2026-05-13,4192.47,Servo drive kit,4
CUST-10286,2026-05-24,1632.71,Conveyor bearing 6205,1
CUST-10286,2026-06-12,2767.24,Analytics seat,4
CUST-10286,2026-07-05,1113.25,Fiber 300 plan,2
CUST-10287,2025-08-26,693.62,Trade desk seat,1
CUST-10287,2025-09-30,3401.08,Refill pack,3
CUST-10287,2026-02-28,3992.84,Servo drive kit,4
CUST-10287,2026-03-22,1823.13,Conveyor bearing 6205,2
CUST-10287,2026-06-03,3739.31,Analytics seat,3
CUST-10287,2026-07-23,1984.52,Fiber 300 plan,3
CUST-10288,2025-03-31,875.35,Refill pack,1
CUST-10288,2025-04-30,2085.34,Servo drive kit,2
CUST-10288,2026-03-11,2601.74,Conveyor bearing 6205,3
CUST-10288,2026-07-06,1415.36,Analytics seat,2
CUST-10289,2025-08-15,2148.72,Servo drive kit,2
CUST-10289,2025-09-22,1863.0,Conveyor bearing 6205,2
CUST-10289,2025-10-10,3646.46,Analytics seat,4
CUST-10289,2026-01-07,3415.54,Fiber 300 plan,4
CUST-10289,2026-05-01,2192.34,Aura bottle 1L,3
CUST-10289,2026-06-02,4357.41,Cold-chain logger,4
CUST-10289,2026-06-29,2796.84,Trade desk seat,3
CUST-10289,2026-08-18,2116.91,Refill pack,2
CUST-10290,2026-01-11,606.01,Conveyor bearing 6205,1
CUST-10290,2026-07-10,3175.04,Analytics seat,4
CUST-10291,2025-03-23,1038.37,Analytics seat,2
CUST-10291,2025-05-26,1775.49,Fiber 300 plan,3
CUST-10291,2025-08-19,5690.91,Aura bottle 1L,4
CUST-10291,2026-01-03,2922.49,Cold-chain logger,3
CUST-10291,2026-02-14,1364.24,Trade desk seat,2
CUST-10291,2026-02-15,556.16,Refill pack,1
CUST-10291,2026-05-19,3571.58,Servo drive kit,3
CUST-10291,2026-07-17,4335.53,Conveyor bearing 6205,3
CUST-10291,2026-08-02,357.06,Analytics seat,1
CUST-10292,2024-10-10,984.29,Fiber 300 plan,1
CUST-10292,2025-04-18,3602.22,Aura bottle 1L,4
CUST-10292,2025-05-18,2755.99,Cold-chain logger,4
CUST-10292,2025-07-28,5907.54,Trade desk seat,4
CUST-10292,2026-01-24,2140.4,Refill pack,2
CUST-10292,2026-02-19,2140.81,Servo drive kit,3
CUST-10292,2026-03-05,1201.18,Conveyor bearing 6205,2
CUST-10292,2026-07-15,1005.38,Analytics seat,1
CUST-10293,2024-07-28,2275.96,Aura bottle 1L,2
CUST-10293,2024-08-31,2742.95,Cold-chain logger,2
CUST-10293,2024-10-06,1769.33,Trade desk seat,3
CUST-10293,2024-10-16,2058.16,Refill pack,3
CUST-10293,2024-10-26,2879.86,Servo drive kit,4
CUST-10293,2025-02-25,1342.52,Conveyor bearing 6205,1
CUST-10293,2025-03-12,3007.71,Analytics seat,3
CUST-10293,2025-04-08,1762.15,Fiber 300 plan,3
CUST-10293,2025-04-13,2809.48,Aura bottle 1L,4
CUST-10293,2025-09-10,4130.16,Cold-chain logger,4
CUST-10293,2025-09-16,4487.45,Trade desk seat,4
CUST-10293,2025-10-02,1607.25,Refill pack,2
CUST-10293,2026-08-09,4068.65,Servo drive kit,4
CUST-10294,2025-03-20,1984.07,Cold-chain logger,3
CUST-10294,2025-05-07,831.68,Trade desk seat,2
CUST-10294,2025-06-04,3560.62,Refill pack,4
CUST-10294,2025-10-22,3551.63,Servo drive kit,3
CUST-10294,2025-12-12,3118.34,Conveyor bearing 6205,4
CUST-10294,2026-05-20,945.6,Analytics seat,1
CUST-10294,2026-08-20,757.12,Fiber 300 plan,1
CUST-10295,2025-05-20,2176.13,Trade desk seat,4
CUST-10295,2025-06-23,1002.48,Refill pack,2
CUST-10295,2025-12-07,1046.9,Servo drive kit,1
CUST-10295,2026-01-25,2532.24,Conveyor bearing 6205,4
CUST-10295,2026-06-14,457.17,Analytics seat,1
CUST-10296,2024-10-12,2447.77,Refill pack,3
CUST-10296,2024-12-09,4367.81,Servo drive kit,3
CUST-10296,2024-12-21,828.21,Conveyor bearing 6205,1
CUST-10296,2025-07-13,988.21,Analytics seat,1
CUST-10296,2025-09-08,2418.23,Fiber 300 plan,3
CUST-10296,2026-06-18,1904.26,Aura bottle 1L,2
CUST-10296,2026-07-11,822.91,Cold-chain logger,1
CUST-10297,2024-05-13,2194.63,Servo drive kit,2
CUST-10297,2024-07-02,3472.57,Conveyor bearing 6205,4
CUST-10297,2024-08-19,3368.23,Analytics seat,2
CUST-10297,2025-01-20,2318.65,Fiber 300 plan,3
CUST-10297,2025-01-23,6124.32,Aura bottle 1L,3
CUST-10297,2025-05-25,720.16,Cold-chain logger,1
CUST-10297,2025-06-01,2369.49,Trade desk seat,3
CUST-10297,2025-09-30,6001.48,Refill pack,3
CUST-10297,2025-11-07,6015.04,Servo drive kit,4
CUST-10297,2025-11-20,1616.83,Conveyor bearing 6205,1
CUST-10297,2026-01-06,5133.89,Analytics seat,4
CUST-10297,2026-08-05,2551.67,Fiber 300 plan,2
CUST-10298,2025-02-07,1803.72,Conveyor bearing 6205,1
CUST-10298,2025-03-20,1289.1,Analytics seat,1
CUST-10298,2025-04-19,1063.67,Fiber 300 plan,2
CUST-10298,2025-05-08,2220.28,Aura bottle 1L,3
CUST-10298,2025-05-13,8351.89,Cold-chain logger,2
CUST-10298,2025-06-04,5934.86,Trade desk seat,4
CUST-10298,2025-07-19,3521.05,Refill pack,3
CUST-10298,2025-08-13,2177.97,Servo drive kit,3
CUST-10298,2025-08-13,2657.21,Conveyor bearing 6205,4
CUST-10298,2026-03-12,639.35,Analytics seat,1
CUST-10298,2026-06-01,1374.25,Fiber 300 plan,1
CUST-10298,2026-06-24,2871.75,Aura bottle 1L,3
CUST-10299,2026-01-02,2357.46,Analytics seat,2
CUST-10299,2026-02-03,2218.9,Fiber 300 plan,2
CUST-10299,2026-05-07,7080.42,Aura bottle 1L,4
CUST-10299,2026-06-12,6655.9,Cold-chain logger,4
CUST-10299,2026-07-08,2062.36,Trade desk seat,2
CUST-10299,2026-07-09,2117.69,Refill pack,2
CUST-10299,2026-08-23,1192.11,Servo drive kit,2
CUST-10300,2025-02-09,3197.65,Fiber 300 plan,3
CUST-10300,2025-03-09,3020.98,Aura bottle 1L,2
CUST-10300,2025-04-14,1528.07,Cold-chain logger,2
CUST-10300,2025-04-18,787.69,Trade desk seat,1
CUST-10300,2025-05-24,843.78,Refill pack,1
CUST-10300,2025-07-10,595.78,Servo drive kit,1
CUST-10300,2025-07-13,861.57,Conveyor bearing 6205,1
CUST-10300,2025-07-14,1577.96,Analytics seat,2
CUST-10300,2025-08-05,3276.51,Fiber 300 plan,4
CUST-10300,2025-08-18,413.15,Aura bottle 1L,1
CUST-10300,2025-10-18,2632.4,Cold-chain logger,4
CUST-10300,2025-11-27,2658.46,Trade desk seat,3
CUST-10300,2025-12-28,979.07,Refill pack,1
CUST-10300,2026-04-19,2661.19,Servo drive kit,2
CUST-10301,2025-11-03,755.9,Aura bottle 1L,2
CUST-10301,2025-11-19,3259.83,Cold-chain logger,4
CUST-10301,2026-02-12,1924.6,Trade desk seat,3
CUST-10301,2026-02-20,1182.55,Refill pack,2
CUST-10301,2026-04-08,1496.92,Servo drive kit,2
CUST-10301,2026-06-27,300.91,Conveyor bearing 6205,1
CUST-10301,2026-08-02,1432.47,Analytics seat,2
CUST-10302,2024-07-30,1418.7,Cold-chain logger,2
CUST-10302,2025-01-29,796.83,Trade desk seat,1
CUST-10302,2025-03-08,1910.61,Refill pack,2
CUST-10302,2025-08-11,3754.09,Servo drive kit,3
CUST-10302,2025-08-28,2914.03,Conveyor bearing 6205,3
CUST-10302,2025-09-17,2784.52,Analytics seat,3
CUST-10302,2025-12-16,809.43,Fiber 300 plan,1
CUST-10302,2025-12-31,819.8,Aura bottle 1L,1
CUST-10302,2026-01-13,2693.39,Cold-chain logger,4
CUST-10302,2026-03-21,3619.96,Trade desk seat,3
CUST-10302,2026-06-26,4088.24,Refill pack,4
CUST-10302,2026-08-02,3132.74,Servo drive kit,2
CUST-10303,2025-12-05,4908.97,Trade desk seat,2
CUST-10303,2026-01-10,890.49,Refill pack,1
CUST-10303,2026-01-17,1291.0,Servo drive kit,2
CUST-10303,2026-01-27,607.75,Conveyor bearing 6205,1
CUST-10303,2026-03-30,4235.4,Analytics seat,4
CUST-10303,2026-05-01,3413.43,Fiber 300 plan,4
CUST-10303,2026-05-04,1107.89,Aura bottle 1L,2
CUST-10303,2026-06-01,827.34,Cold-chain logger,1
CUST-10303,2026-06-27,1787.86,Trade desk seat,3
CUST-10303,2026-08-24,764.33,Refill pack,1
CUST-10304,2026-03-31,1795.79,Refill pack,2
CUST-10304,2026-04-15,932.71,Servo drive kit,1
CUST-10304,2026-04-20,3735.7,Conveyor bearing 6205,4
CUST-10304,2026-05-10,1484.88,Analytics seat,3
CUST-10304,2026-06-05,3080.4,Fiber 300 plan,3
CUST-10304,2026-06-10,4894.5,Aura bottle 1L,4
CUST-10304,2026-07-14,2213.3,Cold-chain logger,2
CUST-10304,2026-07-26,3854.55,Trade desk seat,3
CUST-10304,2026-08-06,3232.25,Refill pack,4
CUST-10305,2025-03-20,1759.42,Servo drive kit,1
CUST-10305,2025-05-31,2614.36,Conveyor bearing 6205,3
CUST-10305,2025-06-28,953.1,Analytics seat,1
CUST-10305,2025-07-14,692.68,Fiber 300 plan,1
CUST-10305,2025-08-28,1433.01,Aura bottle 1L,2
CUST-10305,2025-12-04,712.56,Cold-chain logger,1
CUST-10305,2026-02-06,2279.29,Trade desk seat,3
CUST-10305,2026-05-08,378.07,Refill pack,1
CUST-10305,2026-07-18,1697.61,Servo drive kit,2
CUST-10306,2026-02-13,2901.94,Conveyor bearing 6205,3
CUST-10306,2026-03-27,3561.51,Analytics seat,3
CUST-10306,2026-04-23,2905.16,Fiber 300 plan,4
CUST-10306,2026-05-16,2234.19,Aura bottle 1L,2
CUST-10306,2026-05-22,3617.89,Cold-chain logger,4
CUST-10306,2026-05-22,1722.49,Trade desk seat,3
CUST-10306,2026-06-18,1023.19,Refill pack,1
CUST-10306,2026-07-03,5263.66,Servo drive kit,2
CUST-10306,2026-08-03,3061.91,Conveyor bearing 6205,3
CUST-10307,2024-10-12,814.88,Analytics seat,1
CUST-10307,2024-10-16,610.57,Fiber 300 plan,1
CUST-10307,2024-12-20,1193.74,Aura bottle 1L,1
CUST-10307,2025-04-21,1562.41,Cold-chain logger,2
CUST-10307,2025-04-30,3998.59,Trade desk seat,4
CUST-10307,2025-09-02,4855.58,Refill pack,4
CUST-10307,2026-02-14,1959.39,Servo drive kit,3
CUST-10307,2026-05-26,2437.33,Conveyor bearing 6205,3
CUST-10308,2024-05-29,485.07,Fiber 300 plan,1
CUST-10308,2024-09-15,1081.21,Aura bottle 1L,1
CUST-10308,2025-03-16,4829.86,Cold-chain logger,4
CUST-10308,2025-04-14,1104.35,Trade desk seat,1
CUST-10308,2025-05-26,2046.77,Refill pack,3
CUST-10308,2025-05-30,968.84,Servo drive kit,1
CUST-10308,2025-07-03,2350.87,Conveyor bearing 6205,2
CUST-10308,2025-07-25,4191.87,Analytics seat,3
CUST-10308,2025-10-06,519.46,Fiber 300 plan,1
CUST-10308,2026-02-06,632.31,Aura bottle 1L,1
CUST-10308,2026-04-16,9859.67,Cold-chain logger,4
CUST-10308,2026-04-29,5275.09,Trade desk seat,3
CUST-10309,2025-08-29,902.6,Aura bottle 1L,1
CUST-10309,2025-09-05,2946.21,Cold-chain logger,3
CUST-10309,2025-11-03,3862.9,Trade desk seat,4
CUST-10309,2026-02-26,1047.38,Refill pack,1
CUST-10309,2026-03-06,2976.25,Servo drive kit,3
CUST-10309,2026-05-19,729.26,Conveyor bearing 6205,1
CUST-10309,2026-05-23,3668.72,Analytics seat,3
CUST-10309,2026-07-11,4662.7,Fiber 300 plan,4
CUST-10309,2026-07-24,964.9,Aura bottle 1L,1
CUST-10309,2026-07-30,5207.74,Cold-chain logger,4
CUST-10309,2026-08-23,3459.51,Trade desk seat,4
CUST-10310,2025-10-23,2804.9,Cold-chain logger,4
CUST-10310,2026-04-10,5015.31,Trade desk seat,4
CUST-10310,2026-04-19,2074.19,Refill pack,3
CUST-10310,2026-05-12,2824.6,Servo drive kit,4
CUST-10310,2026-05-27,1754.7,Conveyor bearing 6205,3
CUST-10310,2026-06-14,732.79,Analytics seat,1
CUST-10310,2026-06-25,2589.4,Fiber 300 plan,4
CUST-10310,2026-07-30,1033.06,Aura bottle 1L,2
CUST-10311,2024-10-27,3411.69,Trade desk seat,4
CUST-10311,2024-11-05,3281.82,Refill pack,2
CUST-10311,2024-11-30,1424.45,Servo drive kit,1
CUST-10311,2024-12-05,616.13,Conveyor bearing 6205,1
CUST-10311,2025-02-11,3811.69,Analytics seat,3
CUST-10311,2025-05-14,6981.38,Fiber 300 plan,4
CUST-10311,2025-11-11,1280.78,Aura bottle 1L,1
CUST-10311,2025-11-24,1443.75,Cold-chain logger,2
CUST-10311,2025-12-06,3678.0,Trade desk seat,3
CUST-10311,2026-03-10,3260.02,Refill pack,2
CUST-10311,2026-04-10,2393.24,Servo drive kit,2
CUST-10311,2026-05-05,5472.21,Conveyor bearing 6205,4
CUST-10311,2026-05-20,2262.08,Analytics seat,1
CUST-10311,2026-05-24,5006.27,Fiber 300 plan,4
CUST-10312,2025-03-09,909.24,Refill pack,1
CUST-10312,2025-07-26,3541.11,Servo drive kit,4
CUST-10312,2025-08-31,2203.65,Conveyor bearing 6205,3
CUST-10312,2025-12-13,6190.66,Analytics seat,4
CUST-10312,2026-06-19,1114.15,Fiber 300 plan,1
CUST-10313,2024-11-22,2954.38,Servo drive kit,4
CUST-10313,2024-12-28,1732.89,Conveyor bearing 6205,1
CUST-10313,2025-02-20,786.09,Analytics seat,1
CUST-10313,2025-02-25,1805.37,Fiber 300 plan,2
CUST-10313,2025-06-10,2707.69,Aura bottle 1L,3
CUST-10313,2025-08-06,1988.9,Cold-chain logger,3
CUST-10313,2025-08-16,3019.15,Trade desk seat,3
CUST-10313,2025-10-01,2608.25,Refill pack,4
CUST-10313,2025-10-31,1276.38,Servo drive kit,1
CUST-10313,2025-11-04,1652.64,Conveyor bearing 6205,2
CUST-10314,2025-12-10,1961.59,Conveyor bearing 6205,3
CUST-10314,2025-12-29,3275.43,Analytics seat,2
CUST-10314,2026-01-04,1217.85,Fiber 300 plan,1
CUST-10314,2026-01-23,4996.55,Aura bottle 1L,4
CUST-10314,2026-02-07,10271.21,Cold-chain logger,4
CUST-10314,2026-03-08,4182.42,Trade desk seat,2
CUST-10314,2026-05-06,4997.16,Refill pack,4
CUST-10314,2026-06-17,3106.2,Servo drive kit,4
CUST-10314,2026-08-24,3815.57,Conveyor bearing 6205,3
CUST-10315,2024-07-23,3580.26,Analytics seat,3
CUST-10315,2024-08-05,2596.24,Fiber 300 plan,2
CUST-10315,2024-12-12,5600.18,Aura bottle 1L,4
CUST-10315,2025-03-12,3506.17,Cold-chain logger,3
CUST-10315,2025-06-03,3014.82,Trade desk seat,3
CUST-10315,2025-07-07,6747.94,Refill pack,4
CUST-10315,2025-08-11,1658.48,Servo drive kit,2
CUST-10315,2025-09-24,4248.09,Conveyor bearing 6205,3
CUST-10315,2026-03-03,1955.86,Analytics seat,3
CUST-10315,2026-03-23,1472.92,Fiber 300 plan,1
CUST-10315,2026-07-24,1133.04,Aura bottle 1L,1
CUST-10315,2026-08-14,2754.18,Cold-chain logger,3
CUST-10316,2024-10-28,3059.86,Fiber 300 plan,4
CUST-10316,2025-02-02,2035.53,Aura bottle 1L,2
CUST-10316,2025-02-16,1649.51,Cold-chain logger,2
CUST-10316,2025-05-14,3551.89,Trade desk seat,3
CUST-10316,2025-07-05,2206.57,Refill pack,2
CUST-10316,2025-07-25,1798.43,Servo drive kit,1
CUST-10316,2025-11-09,1513.2,Conveyor bearing 6205,3
CUST-10316,2026-01-22,3697.42,Analytics seat,3
CUST-10316,2026-02-03,3488.26,Fiber 300 plan,4
CUST-10316,2026-06-11,516.58,Aura bottle 1L,1
CUST-10317,2026-01-01,1899.42,Aura bottle 1L,2
CUST-10317,2026-03-13,4020.09,Cold-chain logger,4
CUST-10317,2026-04-13,4081.52,Trade desk seat,3
CUST-10317,2026-05-23,2641.9,Refill pack,4
CUST-10317,2026-05-23,1681.78,Servo drive kit,2
CUST-10317,2026-06-04,2330.17,Conveyor bearing 6205,4
CUST-10317,2026-07-05,4382.63,Analytics seat,4
CUST-10317,2026-07-23,1947.86,Fiber 300 plan,2
CUST-10318,2025-07-29,1067.39,Cold-chain logger,1
CUST-10318,2025-08-24,852.03,Trade desk seat,1
CUST-10318,2026-01-22,1650.1,Refill pack,3
CUST-10318,2026-02-18,2275.84,Servo drive kit,2
CUST-10318,2026-02-24,2990.89,Conveyor bearing 6205,4
CUST-10318,2026-02-27,2691.84,Analytics seat,2
CUST-10318,2026-06-01,3463.19,Fiber 300 plan,3
CUST-10318,2026-07-28,976.36,Aura bottle 1L,1
CUST-10319,2024-03-29,718.07,Trade desk seat,1
CUST-10319,2024-09-13,2899.55,Refill pack,3
CUST-10319,2025-06-07,3449.11,Servo drive kit,4
CUST-10319,2025-09-07,1129.84,Conveyor bearing 6205,2
CUST-10319,2026-05-13,1780.91,Analytics seat,3
CUST-10319,2026-07-30,1922.91,Fiber 300 plan,3
CUST-10320,2026-04-08,2037.32,Refill pack,3
CUST-10320,2026-05-15,1963.06,Servo drive kit,2
CUST-10320,2026-05-17,813.81,Conveyor bearing 6205,1
CUST-10320,2026-06-03,2228.37,Analytics seat,2
CUST-10320,2026-06-09,3265.33,Fiber 300 plan,4
CUST-10320,2026-07-16,1480.89,Aura bottle 1L,1
CUST-10320,2026-07-17,2966.5,Cold-chain logger,4
CUST-10321,2026-01-16,1859.17,Servo drive kit,2
CUST-10321,2026-02-07,2479.6,Conveyor bearing 6205,2
CUST-10321,2026-02-24,954.41,Analytics seat,1
CUST-10321,2026-05-13,1528.21,Fiber 300 plan,1
CUST-10321,2026-05-20,3314.93,Aura bottle 1L,2
CUST-10321,2026-06-28,1200.34,Cold-chain logger,1
CUST-10321,2026-07-07,1648.64,Trade desk seat,2
CUST-10321,2026-08-05,8600.98,Refill pack,4
CUST-10321,2026-08-24,1634.42,Servo drive kit,1
CUST-10322,2025-09-21,2687.65,Conveyor bearing 6205,3
CUST-10322,2025-11-30,3737.65,Analytics seat,3
CUST-10322,2025-12-26,5973.07,Fiber 300 plan,3
CUST-10322,2026-03-11,561.21,Aura bottle 1L,1
CUST-10322,2026-04-12,2093.22,Cold-chain logger,2
CUST-10322,2026-07-03,1230.48,Trade desk seat,1
CUST-10322,2026-07-23,5476.88,Refill pack,4
CUST-10322,2026-08-05,785.49,Servo drive kit,1
CUST-10323,2024-12-15,2229.48,Analytics seat,3
CUST-10323,2025-03-27,5482.38,Fiber 300 plan,4
CUST-10323,2025-06-14,736.92,Aura bottle 1L,1
CUST-10323,2025-07-05,5572.48,Cold-chain logger,4
CUST-10323,2025-09-20,3902.59,Trade desk seat,3
CUST-10323,2026-04-24,5322.09,Refill pack,3
CUST-10323,2026-08-05,1138.99,Servo drive kit,2
CUST-10324,2026-05-15,595.18,Fiber 300 plan,1
CUST-10324,2026-06-11,1520.84,Aura bottle 1L,2
CUST-10324,2026-06-16,714.87,Cold-chain logger,1
CUST-10324,2026-08-03,1660.1,Trade desk seat,2
CUST-10324,2026-08-09,1636.7,Refill pack,2
CUST-10324,2026-08-13,2666.22,Servo drive kit,2
CUST-10325,2026-02-15,1508.73,Aura bottle 1L,1
CUST-10325,2026-02-24,1213.0,Cold-chain logger,1
CUST-10325,2026-02-25,4705.57,Trade desk seat,2
CUST-10325,2026-03-01,2341.41,Refill pack,2
CUST-10325,2026-04-19,2901.08,Servo drive kit,3
CUST-10325,2026-05-10,1073.13,Conveyor bearing 6205,1
CUST-10325,2026-05-19,2814.67,Analytics seat,4
CUST-10325,2026-05-24,1946.18,Fiber 300 plan,3
CUST-10325,2026-06-06,1372.79,Aura bottle 1L,2
CUST-10325,2026-06-23,9383.64,Cold-chain logger,4
CUST-10325,2026-08-05,8710.71,Trade desk seat,4
CUST-10326,2024-11-08,1153.98,Cold-chain logger,1
CUST-10326,2024-12-11,4335.22,Trade desk seat,4
CUST-10326,2025-02-03,503.5,Refill pack,1
CUST-10326,2025-02-23,915.54,Servo drive kit,1
CUST-10326,2025-12-22,3976.62,Conveyor bearing 6205,2
CUST-10326,2026-01-15,3295.51,Analytics seat,4
CUST-10326,2026-06-15,5063.57,Fiber 300 plan,4
CUST-10327,2025-04-05,446.46,Trade desk seat,1
CUST-10327,2025-08-29,6636.31,Refill pack,3
CUST-10327,2026-06-30,2451.81,Servo drive kit,2
CUST-10328,2024-08-21,3266.68,Refill pack,4
CUST-10328,2024-10-06,986.81,Servo drive kit,1
CUST-10328,2024-10-15,3646.16,Conveyor bearing 6205,4
CUST-10328,2024-12-22,1306.44,Analytics seat,2
CUST-10328,2025-03-02,1048.09,Fiber 300 plan,1
CUST-10328,2025-03-08,559.8,Aura bottle 1L,1
CUST-10328,2025-04-30,926.74,Cold-chain logger,1
CUST-10328,2025-10-16,3129.42,Trade desk seat,3
CUST-10328,2025-11-24,1105.73,Refill pack,1
CUST-10328,2026-01-08,4446.21,Servo drive kit,3
CUST-10328,2026-04-14,2831.53,Conveyor bearing 6205,2
CUST-10328,2026-07-05,2058.11,Analytics seat,2
CUST-10329,2025-10-31,2525.88,Servo drive kit,3
CUST-10329,2025-11-04,1746.69,Conveyor bearing 6205,2
CUST-10329,2025-11-24,6250.73,Analytics seat,3
CUST-10329,2025-12-30,1260.55,Fiber 300 plan,1
CUST-10329,2026-01-06,6071.73,Aura bottle 1L,3
CUST-10329,2026-02-06,835.67,Cold-chain logger,1
CUST-10329,2026-03-24,4152.18,Trade desk seat,3
CUST-10329,2026-07-11,3480.92,Refill pack,4
CUST-10329,2026-08-08,2750.51,Servo drive kit,3
CUST-10329,2026-08-15,1932.54,Conveyor bearing 6205,1
CUST-10329,2026-08-22,2450.54,Analytics seat,2
CUST-10330,2025-01-10,1085.73,Conveyor bearing 6205,1
CUST-10330,2025-01-22,1724.67,Analytics seat,2
CUST-10330,2025-05-20,399.43,Fiber 300 plan,1
CUST-10330,2025-08-27,808.93,Aura bottle 1L,1
CUST-10330,2025-09-25,2820.16,Cold-chain logger,3
CUST-10330,2025-10-16,2939.13,Trade desk seat,3
CUST-10330,2025-11-05,1302.71,Refill pack,2
CUST-10330,2025-12-10,5244.72,Servo drive kit,3
CUST-10330,2025-12-10,1463.95,Conveyor bearing 6205,2
CUST-10330,2025-12-19,2773.2,Analytics seat,3
CUST-10330,2026-04-19,2275.18,Fiber 300 plan,3
CUST-10330,2026-05-28,571.58,Aura bottle 1L,1
CUST-10331,2026-01-30,2330.01,Analytics seat,4
CUST-10331,2026-02-10,1249.23,Fiber 300 plan,2
CUST-10331,2026-05-12,1287.07,Aura bottle 1L,3
CUST-10331,2026-06-08,1590.05,Cold-chain logger,2
CUST-10331,2026-07-29,2978.03,Trade desk seat,3
CUST-10332,2025-12-14,2879.99,Fiber 300 plan,3
CUST-10332,2026-01-31,4905.53,Aura bottle 1L,4
CUST-10332,2026-02-09,5575.88,Cold-chain logger,3
CUST-10332,2026-02-16,1632.5,Trade desk seat,1
CUST-10332,2026-02-19,5438.51,Refill pack,4
CUST-10332,2026-02-21,883.6,Servo drive kit,1
CUST-10332,2026-03-09,4069.5,Conveyor bearing 6205,4
CUST-10332,2026-04-03,3972.75,Analytics seat,3
CUST-10332,2026-07-07,2886.78,Fiber 300 plan,2
CUST-10332,2026-07-12,2973.22,Aura bottle 1L,2
CUST-10332,2026-08-10,898.06,Cold-chain logger,1
CUST-10333,2024-04-22,3129.0,Aura bottle 1L,4
CUST-10333,2024-05-09,560.07,Cold-chain logger,1
CUST-10333,2024-05-31,3121.98,Trade desk seat,4
CUST-10333,2024-10-03,1134.65,Refill pack,1
CUST-10333,2025-12-09,2981.12,Servo drive kit,3
CUST-10333,2026-05-03,8351.87,Conveyor bearing 6205,4
CUST-10333,2026-06-10,2711.86,Analytics seat,4
CUST-10334,2025-02-23,2762.27,Cold-chain logger,2
CUST-10334,2025-03-06,1697.73,Trade desk seat,2
CUST-10334,2025-04-21,1620.09,Refill pack,2
CUST-10334,2025-08-12,4703.0,Servo drive kit,3
CUST-10334,2026-03-09,6532.98,Conveyor bearing 6205,4
CUST-10334,2026-04-12,2774.22,Analytics seat,4
CUST-10334,2026-05-29,4903.4,Fiber 300 plan,3
CUST-10334,2026-08-25,4248.11,Aura bottle 1L,4
CUST-10335,2025-11-05,2888.82,Trade desk seat,3
CUST-10335,2025-12-09,2780.4,Refill pack,3
CUST-10335,2026-01-04,1115.43,Servo drive kit,1
CUST-10335,2026-04-15,2143.07,Conveyor bearing 6205,4
CUST-10335,2026-06-21,2095.02,Analytics seat,2
CUST-10335,2026-08-02,4110.37,Fiber 300 plan,3
CUST-10336,2025-08-13,829.88,Refill pack,1
CUST-10336,2025-09-11,2390.11,Servo drive kit,2
CUST-10336,2025-09-16,1491.08,Conveyor bearing 6205,1
CUST-10336,2025-09-26,6136.34,Analytics seat,4
CUST-10336,2025-10-21,5290.91,Fiber 300 plan,3
CUST-10336,2025-11-12,3163.09,Aura bottle 1L,3
CUST-10336,2026-01-04,2841.34,Cold-chain logger,2
CUST-10336,2026-01-06,1256.58,Trade desk seat,1
CUST-10336,2026-06-02,772.29,Refill pack,1
CUST-10336,2026-06-24,9000.07,Servo drive kit,4
CUST-10337,2024-08-25,1622.8,Servo drive kit,1
CUST-10337,2024-08-27,3998.0,Conveyor bearing 6205,3
CUST-10337,2024-09-12,716.48,Analytics seat,1
CUST-10337,2025-02-26,2805.51,Fiber 300 plan,4
CUST-10337,2025-04-06,1314.41,Aura bottle 1L,2
CUST-10337,2025-10-02,2921.69,Cold-chain logger,3
CUST-10337,2026-05-06,2517.7,Trade desk seat,3
CUST-10337,2026-05-13,1317.94,Refill pack,2
CUST-10337,2026-07-15,3091.68,Servo drive kit,4
CUST-10338,2025-10-12,3648.74,Conveyor bearing 6205,4
CUST-10338,2025-10-15,2993.01,Analytics seat,3
CUST-10338,2025-11-08,1498.09,Fiber 300 plan,1
CUST-10338,2026-05-15,6317.37,Aura bottle 1L,3
CUST-10338,2026-08-04,1773.0,Cold-chain logger,3
CUST-10339,2026-03-02,1650.81,Analytics seat,3
CUST-10339,2026-04-01,1711.4,Fiber 300 plan,3
CUST-10339,2026-04-08,3302.36,Aura bottle 1L,4
CUST-10339,2026-04-28,2165.5,Cold-chain logger,3
CUST-10339,2026-07-26,936.41,Trade desk seat,1
CUST-10339,2026-07-31,2782.17,Refill pack,2
CUST-10339,2026-08-13,3027.16,Servo drive kit,3
CUST-10339,2026-08-21,889.45,Conveyor bearing 6205,1
CUST-10340,2026-03-09,7446.87,Fiber 300 plan,4
CUST-10340,2026-05-29,2768.69,Aura bottle 1L,4
CUST-10340,2026-06-04,1275.06,Cold-chain logger,2
CUST-10340,2026-06-08,3339.02,Trade desk seat,3
CUST-10340,2026-06-18,3025.11,Refill pack,3
CUST-10340,2026-06-21,1855.62,Servo drive kit,4
CUST-10340,2026-08-07,1022.07,Conveyor bearing 6205,2
CUST-10341,2025-03-26,3833.27,Aura bottle 1L,4
CUST-10341,2025-10-19,950.96,Cold-chain logger,1
CUST-10341,2025-12-02,2842.43,Trade desk seat,4
CUST-10341,2025-12-13,473.74,Refill pack,1
CUST-10341,2026-06-27,760.14,Servo drive kit,1
CUST-10342,2026-06-08,4452.04,Cold-chain logger,4
CUST-10342,2026-06-20,2315.44,Trade desk seat,4
CUST-10342,2026-07-09,2921.9,Refill pack,3
CUST-10342,2026-07-21,5924.07,Servo drive kit,4
CUST-10342,2026-07-25,2213.78,Conveyor bearing 6205,3
CUST-10342,2026-08-22,1836.0,Analytics seat,4
CUST-10342,2026-08-22,752.46,Fiber 300 plan,1
CUST-10342,2026-08-25,651.53,Aura bottle 1L,1
CUST-10343,2024-06-18,2181.31,Trade desk seat,2
CUST-10343,2024-09-28,362.17,Refill pack,1
CUST-10343,2025-03-08,1028.07,Servo drive kit,1
CUST-10344,2026-04-24,408.3,Refill pack,1
CUST-10344,2026-05-21,1278.83,Servo drive kit,3
CUST-10344,2026-06-27,2808.86,Conveyor bearing 6205,4
CUST-10344,2026-07-12,2080.2,Analytics seat,3
CUST-10345,2025-03-14,2131.34,Servo drive kit,4
CUST-10345,2025-05-31,3577.66,Conveyor bearing 6205,4
CUST-10345,2025-09-07,355.18,Analytics seat,1
CUST-10345,2025-11-03,1435.18,Fiber 300 plan,2
CUST-10345,2026-06-03,2967.02,Aura bottle 1L,4
CUST-10346,2025-12-14,3418.89,Conveyor bearing 6205,4
CUST-10346,2026-01-09,2189.79,Analytics seat,2
CUST-10346,2026-01-13,1254.73,Fiber 300 plan,2
CUST-10346,2026-01-17,3281.69,Aura bottle 1L,3
CUST-10346,2026-01-27,1922.05,Cold-chain logger,2
CUST-10346,2026-04-02,1188.23,Trade desk seat,1
CUST-10346,2026-04-17,1554.59,Refill pack,2
CUST-10346,2026-04-22,2789.75,Servo drive kit,3
CUST-10346,2026-05-07,1564.74,Conveyor bearing 6205,2
CUST-10346,2026-05-30,849.62,Analytics seat,1
CUST-10346,2026-06-17,2568.54,Fiber 300 plan,2
CUST-10346,2026-07-10,1170.34,Aura bottle 1L,1
CUST-10347,2026-05-16,5328.34,Analytics seat,4
CUST-10347,2026-06-27,1752.46,Fiber 300 plan,2
CUST-10347,2026-08-07,3447.86,Aura bottle 1L,4
CUST-10347,2026-08-11,666.73,Cold-chain logger,1
CUST-10347,2026-08-20,1413.21,Trade desk seat,3
CUST-10347,2026-08-26,492.95,Refill pack,1
CUST-10348,2025-01-31,1890.88,Fiber 300 plan,2
CUST-10348,2025-03-17,1672.16,Aura bottle 1L,2
CUST-10348,2025-06-28,1481.8,Cold-chain logger,2
CUST-10348,2025-07-12,2085.03,Trade desk seat,3
CUST-10348,2026-02-02,2907.12,Refill pack,4
CUST-10348,2026-04-28,3668.09,Servo drive kit,2
CUST-10348,2026-05-05,609.19,Conveyor bearing 6205,1
CUST-10348,2026-06-29,5231.27,Analytics seat,3
CUST-10349,2025-03-04,1406.03,Aura bottle 1L,1
CUST-10349,2025-04-16,2130.87,Cold-chain logger,3
CUST-10349,2025-07-22,1914.26,Trade desk seat,2
CUST-10349,2025-08-11,1436.06,Refill pack,2
CUST-10349,2025-10-30,5682.23,Servo drive kit,3
CUST-10349,2026-01-15,3933.79,Conveyor bearing 6205,4
CUST-10349,2026-04-02,2463.4,Analytics seat,3
CUST-10349,2026-06-12,4368.42,Fiber 300 plan,3
CUST-10349,2026-07-22,3383.75,Aura bottle 1L,2
CUST-10349,2026-08-27,4168.04,Cold-chain logger,3
CUST-10350,2024-12-11,1904.92,Cold-chain logger,3
CUST-10350,2025-01-02,1141.73,Trade desk seat,1
CUST-10350,2025-04-24,2541.57,Refill pack,2
CUST-10350,2025-06-29,3428.06,Servo drive kit,2
CUST-10350,2025-08-25,4620.92,Conveyor bearing 6205,4
CUST-10350,2026-03-18,1958.74,Analytics seat,2
CUST-10350,2026-04-20,4516.19,Fiber 300 plan,2
CUST-10350,2026-04-22,6637.84,Aura bottle 1L,4
CUST-10350,2026-05-04,1596.99,Cold-chain logger,2
CUST-10350,2026-05-30,905.77,Trade desk seat,1
CUST-10350,2026-06-12,4905.53,Refill pack,4
CUST-10350,2026-06-16,1937.42,Servo drive kit,2
CUST-10350,2026-07-18,1012.18,Conveyor bearing 6205,1
CUST-10350,2026-08-01,4318.39,Analytics seat,4
CUST-10350,2026-08-08,6790.0,Fiber 300 plan,4
CUST-10351,2025-07-07,2316.1,Trade desk seat,4
CUST-10351,2025-08-05,1402.14,Refill pack,2
CUST-10351,2025-12-23,3391.6,Servo drive kit,3
CUST-10351,2026-05-01,1232.58,Conveyor bearing 6205,3
CUST-10351,2026-05-07,3488.99,Analytics seat,4
CUST-10351,2026-05-29,2257.78,Fiber 300 plan,3
CUST-10352,2025-07-08,2163.17,Refill pack,4
CUST-10352,2025-07-27,2352.65,Servo drive kit,3
CUST-10352,2025-09-06,4524.95,Conveyor bearing 6205,4
CUST-10352,2025-11-11,2886.35,Analytics seat,4
CUST-10352,2025-12-12,1523.55,Fiber 300 plan,3
CUST-10352,2026-01-02,3070.34,Aura bottle 1L,4
CUST-10352,2026-05-08,1060.48,Cold-chain logger,1
CUST-10352,2026-05-31,1498.54,Trade desk seat,2
CUST-10352,2026-06-02,1720.63,Refill pack,4
CUST-10352,2026-08-01,2254.25,Servo drive kit,2
CUST-10352,2026-08-25,2242.15,Conveyor bearing 6205,3
CUST-10353,2026-04-29,2090.15,Servo drive kit,2
CUST-10353,2026-05-04,4177.99,Conveyor bearing 6205,3
CUST-10353,2026-05-30,3248.19,Analytics seat,3
CUST-10353,2026-06-10,1959.71,Fiber 300 plan,2
CUST-10353,2026-07-11,4944.11,Aura bottle 1L,4
CUST-10353,2026-08-01,792.46,Cold-chain logger,1
CUST-10354,2025-10-06,2814.58,Conveyor bearing 6205,2
CUST-10354,2025-10-12,1279.2,Analytics seat,2
CUST-10354,2025-11-08,4236.48,Fiber 300 plan,4
CUST-10354,2025-12-24,2813.35,Aura bottle 1L,4
CUST-10354,2026-01-25,6094.4,Cold-chain logger,4
CUST-10354,2026-02-06,1528.39,Trade desk seat,2
CUST-10354,2026-04-01,4806.57,Refill pack,3
CUST-10354,2026-04-03,5906.92,Servo drive kit,3
CUST-10354,2026-04-29,4162.3,Conveyor bearing 6205,3
CUST-10354,2026-04-30,5358.78,Analytics seat,4
CUST-10354,2026-06-14,680.02,Fiber 300 plan,1
CUST-10354,2026-06-18,2150.91,Aura bottle 1L,3
CUST-10354,2026-06-22,3533.37,Cold-chain logger,4
CUST-10354,2026-07-03,916.71,Trade desk seat,1
CUST-10354,2026-07-10,7970.26,Refill pack,4
CUST-10354,2026-07-29,4814.09,Servo drive kit,3
CUST-10354,2026-08-09,1616.78,Conveyor bearing 6205,3
CUST-10355,2025-10-19,2074.47,Analytics seat,2
CUST-10355,2025-11-20,4417.65,Fiber 300 plan,3
CUST-10355,2025-12-09,2885.05,Aura bottle 1L,4
CUST-10355,2025-12-16,5745.4,Cold-chain logger,4
CUST-10355,2026-01-12,4760.23,Trade desk seat,4
CUST-10355,2026-03-27,942.28,Refill pack,1
CUST-10355,2026-04-07,4579.18,Servo drive kit,4
CUST-10355,2026-04-16,840.95,Conveyor bearing 6205,1
CUST-10355,2026-04-26,2199.11,Analytics seat,2
CUST-10355,2026-07-17,1736.94,Fiber 300 plan,2
CUST-10355,2026-07-31,4632.04,Aura bottle 1L,4
CUST-10355,2026-08-06,4032.64,Cold-chain logger,3
CUST-10355,2026-08-17,5278.83,Trade desk seat,3
CUST-10356,2025-12-13,2074.37,Fiber 300 plan,3
CUST-10356,2026-01-09,1090.51,Aura bottle 1L,1
CUST-10356,2026-01-13,1854.19,Cold-chain logger,2
CUST-10356,2026-05-18,1838.15,Trade desk seat,1
CUST-10356,2026-08-07,6450.14,Refill pack,3
CUST-10357,2025-10-17,5621.5,Aura bottle 1L,4
CUST-10357,2025-11-20,3192.33,Cold-chain logger,3
CUST-10357,2026-01-30,4562.78,Trade desk seat,3
CUST-10357,2026-03-25,3618.83,Refill pack,2
CUST-10357,2026-04-20,3195.25,Servo drive kit,3
CUST-10357,2026-05-20,3824.33,Conveyor bearing 6205,3
CUST-10357,2026-06-19,1488.78,Analytics seat,2
CUST-10357,2026-07-17,2250.57,Fiber 300 plan,3
CUST-10357,2026-07-26,1071.63,Aura bottle 1L,1
CUST-10357,2026-08-08,1980.8,Cold-chain logger,2
CUST-10357,2026-08-26,2345.35,Trade desk seat,2
CUST-10358,2025-07-21,2568.99,Cold-chain logger,3
CUST-10358,2025-08-19,3369.5,Trade desk seat,3
CUST-10358,2026-01-23,4313.34,Refill pack,4
CUST-10358,2026-01-26,6111.06,Servo drive kit,4
CUST-10358,2026-03-23,1576.33,Conveyor bearing 6205,3
CUST-10358,2026-08-23,2535.57,Analytics seat,3
CUST-10359,2025-05-20,6463.08,Trade desk seat,4
CUST-10359,2025-05-28,1478.01,Refill pack,2
CUST-10359,2026-06-13,810.1,Servo drive kit,1
CUST-10359,2026-06-17,3872.45,Conveyor bearing 6205,4
CUST-10360,2026-04-13,2537.61,Refill pack,4
CUST-10360,2026-04-15,5177.15,Servo drive kit,4
CUST-10360,2026-04-19,1737.98,Conveyor bearing 6205,3
CUST-10360,2026-04-20,3875.72,Analytics seat,3
CUST-10360,2026-04-27,990.38,Fiber 300 plan,1
CUST-10360,2026-05-08,3601.55,Aura bottle 1L,4
CUST-10360,2026-05-17,1919.48,Cold-chain logger,3
CUST-10360,2026-05-31,3229.19,Trade desk seat,4
CUST-10360,2026-06-16,887.55,Refill pack,1
CUST-10360,2026-06-29,2935.92,Servo drive kit,3
CUST-10360,2026-07-02,1673.21,Conveyor bearing 6205,2
CUST-10360,2026-08-01,4870.13,Analytics seat,4
CUST-10360,2026-08-02,1100.62,Fiber 300 plan,1
CUST-10360,2026-08-11,2978.54,Aura bottle 1L,4
CUST-10360,2026-08-16,1075.4,Cold-chain logger,1
